CREATE DATABASE modern_concepts;

use modern_concepts;

-- Branch 
CREATE TABLE BRANCH (
	BRANCH_CODE VARCHAR(5) PRIMARY KEY,
    BRANCH_NAME VARCHAR(30) NOT NULL,
    BRANCH_CITY VARCHAR(20) CHECK(BRANCH_CITY IN ('DELHI', 'MUMBAI', 'KOLKATA', 'CHENNAI'))
);

DESCRIBE BRANCH;


-- Account
CREATE TABLE ACCOUNT (
	ACCOUNT_NO CHAR(5) PRIMARY KEY CHECK(ACCOUNT_NO LIKE 'A____'),
    TYPE CHAR(2) CHECK(TYPE IN ('SB', 'FD', 'CA')),
    BALANCE NUMERIC(7) CHECK(BALANCE < 10000000),
    BRANCH_CODE VARCHAR(5),
    CONSTRAINT fk_Branch_code FOREIGN KEY (BRANCH_CODE) REFERENCES BRANCH(BRANCH_CODE)
);

DESCRIBE ACCOUNT;

-- Branch data insertion
INSERT INTO BRANCH VALUES
('B001', 'JANAKPURI BRANCH', 'DELHI'),
('B002', 'CHANDNICHOWK BRANCH', 'DELHI'),
('B003', 'JUHU BRANCH', 'MUMBAI'),
('B004', 'ANDHERI BRANCH', 'MUMBAI'),
('B005', 'SALTLAKE BRANCH', 'KOLKATA'),
('B006', 'SRIRAMPURAM BRANCH', 'CHENNAI');

SELECT * FROM BRANCH;

-- Account data insertion
INSERT INTO ACCOUNT VALUES
('A0001', 'SB', 200000, 'B003'),
('A0002', 'SB', 15000, 'B002'),
('A0003', 'CA', 850000, 'B004'),
('A0004', 'CA', 35000, 'B004'),
('A0005', 'FD', 28500, 'B005'),
('A0006', 'FD', 550000, 'B005'),
('A0007', 'SB', 48000, 'B001'),
('A0008', 'SB', 7200, 'B002'),
('A0009', 'SB', 18750, 'B003'),
('A0010', 'FD', 99000, 'B004');

SELECT * FROM ACCOUNT;


-- DELETE THE FOREIGN KEY COLUMN

-- STEP 1: Find the constriant name\
SELECT CONSTRAINT_NAME
FROM INFORMATION_SCHEMA.REFERENTIAL_CONSTRAINTS
WHERE CONSTRAINT_SCHEMA = 'MODERN_CONCEPTS'
AND TABLE_NAME = 'ACCOUNT';
  
-- SHOW CREATE TABLE ACCOUNT;  

-- STEP 2: Drop the foreign key constraint
ALTER TABLE ACCOUNT
DROP FOREIGN KEY fk_Branch_code;

-- STEP 3: Drop the column
ALTER TABLE ACCOUNT
DROP COLUMN BRANCH_CODE;

DESCRIBE ACCOUNT;

-- ---------------------------------------------------------------------------------------

-- INDEXING

-- Customer
CREATE TABLE CUSTOMER (
	CUST_NO CHAR(5) PRIMARY KEY CHECK(
    CUST_NO LIKE 'C____'
    ),
    NAME VARCHAR(35) NOT NULL,
    PHONE_NO NUMERIC(10),
    CITY VARCHAR(15) NOT NULL
);


-- Account data insertion
INSERT INTO CUSTOMER VALUES (
'C0001', 'RAJ ANAND SINGH', 9861258466, 'DELHI'),
('C0002', 'ANKITA SINGH', '9879958651', 'BANGALORE'),
('C0003', 'SOUMYA JHA', '9885623344', 'MUMBAI'),
('C0004', 'ABHIJIT MISHRA', '9455845425', 'MUMBAI'),
('C0005', 'YASH SARAF', '9665854585', 'KOLKATA'),
('C0006', 'SWAROOP RAY', '9437855466', 'CHENNAI'),
('C0007', 'SURYA NARAYAN PRADHAN', '9937955212', 'GURGAON'),
('C0008', 'PRANAV PRAVEEN', '9336652441', 'PUNE'),
('C0009', 'STUTI MISRA', '7870266534', 'DELHI'),
('C0010', 'ASLESHA TIWARI', NULL , 'MUMBAI');

SELECT * FROM CUSTOMER; 

CREATE INDEX Index_Name
ON CUSTOMER(NAME);

describe CUSTOMER;

SELECT NAME
FROM CUSTOMER;

ALTER TABLE CUSTOMER
DROP INDEX Index_Name;

-- ---------------------------------------------------------------

-- STORED PROCEDURE
 CREATE TABLE STUDENT (
STUDENTID NUMERIC(1),
FIRSTNAME VARCHAR(10),
LASTNAME VARCHAR(10),
AGE NUMERIC(2)
);

INSERT INTO STUDENT values (
1, 'Krish', 'Naik', 31
);
INSERT INTO STUDENT values (
2, 'Ram', 'Sharma', 31
);
INSERT INTO STUDENT values (
3, 'Sam', 'Joe', 31
);
INSERT INTO STUDENT values (
4, 'Ankit', 'Kumar', 27
);
INSERT INTO STUDENT values (
5, 'Ramesh', 'Singh', 27
);
2
SELECT * FROM STUDENT;

-- call get_student_info(27);

call get_student_info(27, @record);

select @record as Totalrecords;

-- --------------------------------------------------------------

-- TRIGGERS


-- Employees table
CREATE TABLE employees (
    employee_id INT PRIMARY KEY,
    first_name VARCHAR(50),
    last_name VARCHAR(50),
    hourly_pay DECIMAL(5,2),
    job VARCHAR(50),
    hire_date DATE,
    supervisor_id INT
);

INSERT INTO employees (employee_id, first_name, last_name, hourly_pay, job, hire_date, supervisor_id) VALUES
(1, 'Eugene', 'Krabs', 25.50, 'manager', '2023-01-02', NULL),
(2, 'Squidward', 'Tentacles', 15.00, 'cashier', '2023-01-03', 5),
(3, 'Spongebob', 'Squarepants', 12.50, 'cook', '2023-01-04', 5),
(4, 'Patrick', 'Star', 12.50, 'cook', '2023-01-05', 5),
(5, 'Sandy', 'Cheeks', 17.25, 'asst. manager', '2023-01-06', 1),
(6, 'Sheldon', 'Plankton', 10.00, 'janitor', '2023-01-07', 5);

SELECT * FROM EMPLOYEES;

ALTER TABLE EMPLOYEES
ADD COLUMN SALARY DECIMAL(10, 2)
AFTER HOURLY_PAY;

SELECT * FROM EMPLOYEES;

UPDATE EMPLOYEES
SET SALARY = HOURLY_PAY * 40 * 52;

SELECT * FROM EMPLOYEES;


-- trigger
CREATE TRIGGER before_hourly_pay_update
BEFORE UPDATE 
ON EMPLOYEES
FOR EACH ROW
SET NEW.SALARY = (NEW.HOURLY_PAY * 40 * 52);

SHOW TRIGGERS;


SELECT * FROM EMPLOYEES;

UPDATE EMPLOYEES
SET HOURLY_PAY = 50
WHERE EMPLOYEE_ID = 1;

SELECT * FROM EMPLOYEES;

UPDATE EMPLOYEES
SET HOURLY_PAY = HOURLY_PAY + 1;

SELECT * FROM EMPLOYEES;

DELETE
FROM EMPLOYEES
WHERE EMPLOYEE_ID = 6;

SELECT * FROM EMPLOYEES;


-- trigger
CREATE TRIGGER before_hourly_pay_insert
BEFORE INSERT
ON EMPLOYEES
FOR EACH ROW
SET NEW.SALARY = (NEW.HOURLY_PAY * 40 * 52);

SELECT * FROM EMPLOYEES;

INSERT INTO EMPLOYEES
VALUES(6, "Sheldon", "Plankton", 10, NULL, "janitor", "2023-01-07", 5);

SELECT * FROM EMPLOYEES;



-- Expenses table
CREATE TABLE EXPENSES (
	EXPENSE_ID INT PRIMARY KEY,
    EXPENSE_NAME VARCHAR(50),
    EXPENSE_TOTAL DECIMAL(10, 2)   
);

SELECT * FROM EXPENSES;

INSERT INTO EXPENSES VALUES
(1, "salaries", 0),
(2, "supplies", 0),
(3, "taxes", 0);

SELECT * FROM EXPENSES;

UPDATE EXPENSES
SET EXPENSE_TOTAL = (
SELECT SUM(SALARY)
FROM EMPLOYEES)
WHERE EXPENSE_NAME = "salaries";

SELECT * FROM EXPENSES;


-- trigger
CREATE TRIGGER after_salary_delete
AFTER DELETE
ON EMPLOYEES
FOR EACH ROW
UPDATE EXPENSES
SET EXPENSE_TOTAL = EXPENSE_TOTAL - OLD.SALARY
WHERE EXPENSE_NAME = "salaries";

SELECT * FROM EXPENSES;

DELETE 
FROM EMPLOYEES
WHERE EMPLOYEE_ID = 6;

SELECT * FROM EXPENSES;

-- trigger
CREATE TRIGGER after_salary_insert
AFTER INSERT
ON EMPLOYEES
FOR EACH ROW
UPDATE EXPENSES
SET EXPENSE_TOTAL = EXPENSE_TOTAL + NEW.SALARY
WHERE EXPENSE_NAME = 'salaries';
 
SELECT * FROM EMPLOYEES;

INSERT INTO EMPLOYEES VALUES
(6, "Sheldon", "Plankton", 10, NULL, "janitor", "2023-01-07", 5);

SELECT * FROM EMPLOYEES; 
 
SELECT * FROM EXPENSES;


-- trigger
CREATE TRIGGER after_salary_update
AFTER UPDATE
ON EMPLOYEES
FOR EACH ROW
UPDATE EXPENSES
SET EXPENSE_TOTAL = EXPENSE_TOTAL + (NEW.SALARY - OLD.SALARY)
WHERE EXPENSE_NAME = 'salaries';

SELECT * FROM EMPLOYEES;

UPDATE EMPLOYEES
SET HOURLY_PAY = 100
WHERE EMPLOYEE_ID = 1;

SELECT * FROM EMPLOYEES;

SELECT * FROM EXPENSES;

-- -------------------------------------------------------------------------------------------

CREATE TABLE MOCKDATA (
	ID INT PRIMARY KEY,
    FIRST_NAME VARCHAR(50) NOT NULL,
    LAST_NAME VARCHAR(50) NOT NULL,
    EMAIL VARCHAR(40) NOT NULL
);

DESCRIBE MOCKDATA;

insert into MOCKDATA (id, first_name, last_name, email) values (1, 'Anne', 'Aldie', 'aaldie0@xrea.com');
insert into MOCKDATA (id, first_name, last_name, email) values (2, 'Fredelia', 'Sarrell', 'fsarrell1@icq.com');
insert into MOCKDATA (id, first_name, last_name, email) values (3, 'Tamarra', 'McShirrie', 'tmcshirrie2@gizmodo.com');
insert into MOCKDATA (id, first_name, last_name, email) values (4, 'Alexis', 'Coldicott', 'acoldicott3@china.com.cn');
insert into MOCKDATA (id, first_name, last_name, email) values (5, 'Yulma', 'Loody', 'yloody4@liveinternet.ru');
insert into MOCKDATA (id, first_name, last_name, email) values (6, 'Janis', 'Calbreath', 'jcalbreath5@ehow.com');
insert into MOCKDATA (id, first_name, last_name, email) values (7, 'Steward', 'Willden', 'swillden6@wufoo.com');
insert into MOCKDATA (id, first_name, last_name, email) values (8, 'Lisetta', 'Gyngell', 'lgyngell7@pinterest.com');
insert into MOCKDATA (id, first_name, last_name, email) values (9, 'Dore', 'Boshers', 'dboshers8@chicagotribune.com');
insert into MOCKDATA (id, first_name, last_name, email) values (10, 'Averell', 'Causby', 'acausby9@walmart.com');
insert into MOCKDATA (id, first_name, last_name, email) values (11, 'Corina', 'Shane', 'cshanea@addtoany.com');
insert into MOCKDATA (id, first_name, last_name, email) values (12, 'Harry', 'Windsor', 'hwindsorb@bizjournals.com');
insert into MOCKDATA (id, first_name, last_name, email) values (13, 'Lynnet', 'Strippel', 'lstrippelc@example.com');
insert into MOCKDATA (id, first_name, last_name, email) values (14, 'Phyllys', 'Pruckner', 'pprucknerd@rambler.ru');
insert into MOCKDATA (id, first_name, last_name, email) values (15, 'Sim', 'Spiniello', 'sspinielloe@army.mil');
insert into MOCKDATA (id, first_name, last_name, email) values (16, 'Maddy', 'Nys', 'mnysf@cloudflare.com');
insert into MOCKDATA (id, first_name, last_name, email) values (17, 'Kiley', 'Pirolini', 'kpirolinig@shinystat.com');
insert into MOCKDATA (id, first_name, last_name, email) values (18, 'Dennet', 'Buddle', 'dbuddleh@gov.uk');
insert into MOCKDATA (id, first_name, last_name, email) values (19, 'Averell', 'Rizzi', 'arizzii@sciencedaily.com');
insert into MOCKDATA (id, first_name, last_name, email) values (20, 'Fara', 'Crosbie', 'fcrosbiej@huffingtonpost.com');
insert into MOCKDATA (id, first_name, last_name, email) values (21, 'Aubry', 'Phelip', 'aphelipk@goo.gl');
insert into MOCKDATA (id, first_name, last_name, email) values (22, 'Alvin', 'Ruslin', 'aruslinl@npr.org');
insert into MOCKDATA (id, first_name, last_name, email) values (23, 'Rana', 'Brasher', 'rbrasherm@amazon.de');
insert into MOCKDATA (id, first_name, last_name, email) values (24, 'Isak', 'Tash', 'itashn@goodreads.com');
insert into MOCKDATA (id, first_name, last_name, email) values (25, 'Clarita', 'Chittock', 'cchittocko@networkadvertising.org');
insert into MOCKDATA (id, first_name, last_name, email) values (26, 'Archibald', 'Poxon', 'apoxonp@nsw.gov.au');
insert into MOCKDATA (id, first_name, last_name, email) values (27, 'Toinette', 'Blewitt', 'tblewittq@clickbank.net');
insert into MOCKDATA (id, first_name, last_name, email) values (28, 'Fulvia', 'Golborne', 'fgolborner@google.it');
insert into MOCKDATA (id, first_name, last_name, email) values (29, 'Barrie', 'Medendorp', 'bmedendorps@nytimes.com');
insert into MOCKDATA (id, first_name, last_name, email) values (30, 'Pegeen', 'Jindacek', 'pjindacekt@taobao.com');
insert into MOCKDATA (id, first_name, last_name, email) values (31, 'Lesya', 'Waliszek', 'lwaliszeku@etsy.com');
insert into MOCKDATA (id, first_name, last_name, email) values (32, 'Sharona', 'Tierny', 'stiernyv@macromedia.com');
insert into MOCKDATA (id, first_name, last_name, email) values (33, 'Conrad', 'Epelett', 'cepelettw@zimbio.com');
insert into MOCKDATA (id, first_name, last_name, email) values (34, 'Hailey', 'Jarrold', 'hjarroldx@europa.eu');
insert into MOCKDATA (id, first_name, last_name, email) values (35, 'Corey', 'Surtees', 'csurteesy@ycombinator.com');
insert into MOCKDATA (id, first_name, last_name, email) values (36, 'Elwin', 'Kitcher', 'ekitcherz@netscape.com');
insert into MOCKDATA (id, first_name, last_name, email) values (37, 'Don', 'Briant', 'dbriant10@4shared.com');
insert into MOCKDATA (id, first_name, last_name, email) values (38, 'Midge', 'Durkin', 'mdurkin11@bloglovin.com');
insert into MOCKDATA (id, first_name, last_name, email) values (39, 'Melessa', 'McAvin', 'mmcavin12@indiegogo.com');
insert into MOCKDATA (id, first_name, last_name, email) values (40, 'Nerte', 'Vedekhin', 'nvedekhin13@domainmarket.com');
insert into MOCKDATA (id, first_name, last_name, email) values (41, 'Betti', 'Rosensaft', 'brosensaft14@elegantthemes.com');
insert into MOCKDATA (id, first_name, last_name, email) values (42, 'Abbie', 'Kendred', 'akendred15@wiley.com');
insert into MOCKDATA (id, first_name, last_name, email) values (43, 'Fawn', 'Abramowsky', 'fabramowsky16@mayoclinic.com');
insert into MOCKDATA (id, first_name, last_name, email) values (44, 'Weider', 'Caldayrou', 'wcaldayrou17@cmu.edu');
insert into MOCKDATA (id, first_name, last_name, email) values (45, 'Homerus', 'Stairmand', 'hstairmand18@amazonaws.com');
insert into MOCKDATA (id, first_name, last_name, email) values (46, 'Zorana', 'Woolger', 'zwoolger19@hubpages.com');
insert into MOCKDATA (id, first_name, last_name, email) values (47, 'Lon', 'Follows', 'lfollows1a@mail.ru');
insert into MOCKDATA (id, first_name, last_name, email) values (48, 'Kristos', 'Klebes', 'kklebes1b@vkontakte.ru');
insert into MOCKDATA (id, first_name, last_name, email) values (49, 'Markus', 'Frow', 'mfrow1c@weibo.com');
insert into MOCKDATA (id, first_name, last_name, email) values (50, 'Cornie', 'Pegden', 'cpegden1d@google.com.hk');
insert into MOCKDATA (id, first_name, last_name, email) values (51, 'Corbin', 'Shillington', 'cshillington1e@moonfruit.com');
insert into MOCKDATA (id, first_name, last_name, email) values (52, 'Derrek', 'Boame', 'dboame1f@tiny.cc');
insert into MOCKDATA (id, first_name, last_name, email) values (53, 'Garv', 'Ivanov', 'givanov1g@amazon.co.uk');
insert into MOCKDATA (id, first_name, last_name, email) values (54, 'Fawn', 'Borrott', 'fborrott1h@list-manage.com');
insert into MOCKDATA (id, first_name, last_name, email) values (55, 'Bengt', 'Baline', 'bbaline1i@tmall.com');
insert into MOCKDATA (id, first_name, last_name, email) values (56, 'Bary', 'Kelcher', 'bkelcher1j@issuu.com');
insert into MOCKDATA (id, first_name, last_name, email) values (57, 'Darice', 'O''Scanlan', 'doscanlan1k@163.com');
insert into MOCKDATA (id, first_name, last_name, email) values (58, 'Rosamond', 'Kither', 'rkither1l@edublogs.org');
insert into MOCKDATA (id, first_name, last_name, email) values (59, 'Reece', 'Lawrenz', 'rlawrenz1m@about.me');
insert into MOCKDATA (id, first_name, last_name, email) values (60, 'Sayres', 'Treleven', 'streleven1n@posterous.com');
insert into MOCKDATA (id, first_name, last_name, email) values (61, 'Rolph', 'McNaught', 'rmcnaught1o@deliciousdays.com');
insert into MOCKDATA (id, first_name, last_name, email) values (62, 'Karrah', 'Francey', 'kfrancey1p@rediff.com');
insert into MOCKDATA (id, first_name, last_name, email) values (63, 'Amelina', 'Fist', 'afist1q@google.com.au');
insert into MOCKDATA (id, first_name, last_name, email) values (64, 'Adena', 'Thibodeaux', 'athibodeaux1r@timesonline.co.uk');
insert into MOCKDATA (id, first_name, last_name, email) values (65, 'Idelle', 'Dodwell', 'idodwell1s@baidu.com');
insert into MOCKDATA (id, first_name, last_name, email) values (66, 'Truda', 'Scrauniage', 'tscrauniage1t@oaic.gov.au');
insert into MOCKDATA (id, first_name, last_name, email) values (67, 'Cordell', 'Dettmar', 'cdettmar1u@vkontakte.ru');
insert into MOCKDATA (id, first_name, last_name, email) values (68, 'Lydon', 'Postans', 'lpostans1v@china.com.cn');
insert into MOCKDATA (id, first_name, last_name, email) values (69, 'Ricca', 'Hrynczyk', 'rhrynczyk1w@macromedia.com');
insert into MOCKDATA (id, first_name, last_name, email) values (70, 'Gerardo', 'Giacomazzo', 'ggiacomazzo1x@unicef.org');
insert into MOCKDATA (id, first_name, last_name, email) values (71, 'Mersey', 'De L''Isle', 'mdelisle1y@last.fm');
insert into MOCKDATA (id, first_name, last_name, email) values (72, 'Bondie', 'Pocknoll', 'bpocknoll1z@wisc.edu');
insert into MOCKDATA (id, first_name, last_name, email) values (73, 'Salmon', 'Grinov', 'sgrinov20@sitemeter.com');
insert into MOCKDATA (id, first_name, last_name, email) values (74, 'Thomasina', 'Salan', 'tsalan21@multiply.com');
insert into MOCKDATA (id, first_name, last_name, email) values (75, 'Joleen', 'Balsdon', 'jbalsdon22@bloomberg.com');
insert into MOCKDATA (id, first_name, last_name, email) values (76, 'Tom', 'Pickle', 'tpickle23@typepad.com');
insert into MOCKDATA (id, first_name, last_name, email) values (77, 'Reamonn', 'Pigdon', 'rpigdon24@arizona.edu');
insert into MOCKDATA (id, first_name, last_name, email) values (78, 'Rebekkah', 'Hestrop', 'rhestrop25@telegraph.co.uk');
insert into MOCKDATA (id, first_name, last_name, email) values (79, 'Harlene', 'O''Scannill', 'hoscannill26@wunderground.com');
insert into MOCKDATA (id, first_name, last_name, email) values (80, 'Lonnard', 'Edgecombe', 'ledgecombe27@privacy.gov.au');
insert into MOCKDATA (id, first_name, last_name, email) values (81, 'Amalle', 'Koppe', 'akoppe28@mayoclinic.com');
insert into MOCKDATA (id, first_name, last_name, email) values (82, 'Gussy', 'Eastop', 'geastop29@xrea.com');
insert into MOCKDATA (id, first_name, last_name, email) values (83, 'Selena', 'Vallery', 'svallery2a@weebly.com');
insert into MOCKDATA (id, first_name, last_name, email) values (84, 'Tulley', 'Dickerline', 'tdickerline2b@diigo.com');
insert into MOCKDATA (id, first_name, last_name, email) values (85, 'Aggy', 'Copo', 'acopo2c@howstuffworks.com');
insert into MOCKDATA (id, first_name, last_name, email) values (86, 'Anne', 'Batstone', 'abatstone2d@hugedomains.com');
insert into MOCKDATA (id, first_name, last_name, email) values (87, 'Helen-elizabeth', 'Pexton', 'hpexton2e@infoseek.co.jp');
insert into MOCKDATA (id, first_name, last_name, email) values (88, 'Erin', 'Kowal', 'ekowal2f@yale.edu');
insert into MOCKDATA (id, first_name, last_name, email) values (89, 'Rona', 'Stroban', 'rstroban2g@theguardian.com');
insert into MOCKDATA (id, first_name, last_name, email) values (90, 'Kingsly', 'Snuggs', 'ksnuggs2h@freewebs.com');
insert into MOCKDATA (id, first_name, last_name, email) values (91, 'Marin', 'Paty', 'mpaty2i@netscape.com');
insert into MOCKDATA (id, first_name, last_name, email) values (92, 'Ignacius', 'Creevy', 'icreevy2j@over-blog.com');
insert into MOCKDATA (id, first_name, last_name, email) values (93, 'Ermengarde', 'McBride', 'emcbride2k@nifty.com');
insert into MOCKDATA (id, first_name, last_name, email) values (94, 'Eugen', 'Ogle', 'eogle2l@apple.com');
insert into MOCKDATA (id, first_name, last_name, email) values (95, 'Joela', 'Gilfillan', 'jgilfillan2m@icq.com');
insert into MOCKDATA (id, first_name, last_name, email) values (96, 'Sib', 'Milier', 'smilier2n@soundcloud.com');
insert into MOCKDATA (id, first_name, last_name, email) values (97, 'Malina', 'Kilmaster', 'mkilmaster2o@forbes.com');
insert into MOCKDATA (id, first_name, last_name, email) values (98, 'Monti', 'Snare', 'msnare2p@cpanel.net');
insert into MOCKDATA (id, first_name, last_name, email) values (99, 'Michael', 'Berrow', 'mberrow2q@bing.com');
insert into MOCKDATA (id, first_name, last_name, email) values (100, 'Keslie', 'Cominotti', 'kcominotti2r@google.ca');
insert into MOCKDATA (id, first_name, last_name, email) values (101, 'Keene', 'Brenneke', 'kbrenneke2s@reference.com');
insert into MOCKDATA (id, first_name, last_name, email) values (102, 'Ricky', 'Pinnocke', 'rpinnocke2t@xinhuanet.com');
insert into MOCKDATA (id, first_name, last_name, email) values (103, 'Esme', 'Menelaws', 'emenelaws2u@bloglovin.com');
insert into MOCKDATA (id, first_name, last_name, email) values (104, 'Belita', 'Tourmell', 'btourmell2v@examiner.com');
insert into MOCKDATA (id, first_name, last_name, email) values (105, 'Siouxie', 'Morena', 'smorena2w@mit.edu');
insert into MOCKDATA (id, first_name, last_name, email) values (106, 'Hollyanne', 'Elverstone', 'helverstone2x@shareasale.com');
insert into MOCKDATA (id, first_name, last_name, email) values (107, 'Dianna', 'Kitlee', 'dkitlee2y@t.co');
insert into MOCKDATA (id, first_name, last_name, email) values (108, 'Celinka', 'Manlow', 'cmanlow2z@qq.com');
insert into MOCKDATA (id, first_name, last_name, email) values (109, 'Rickie', 'Hambatch', 'rhambatch30@omniture.com');
insert into MOCKDATA (id, first_name, last_name, email) values (110, 'Klaus', 'Sustins', 'ksustins31@ucsd.edu');
insert into MOCKDATA (id, first_name, last_name, email) values (111, 'Maridel', 'Robus', 'mrobus32@shareasale.com');
insert into MOCKDATA (id, first_name, last_name, email) values (112, 'Conant', 'South', 'csouth33@skyrock.com');
insert into MOCKDATA (id, first_name, last_name, email) values (113, 'Agosto', 'Espada', 'aespada34@unicef.org');
insert into MOCKDATA (id, first_name, last_name, email) values (114, 'Clemens', 'Cough', 'ccough35@symantec.com');
insert into MOCKDATA (id, first_name, last_name, email) values (115, 'Alis', 'Emanuel', 'aemanuel36@pagesperso-orange.fr');
insert into MOCKDATA (id, first_name, last_name, email) values (116, 'Vivyan', 'Bye', 'vbye37@mtv.com');
insert into MOCKDATA (id, first_name, last_name, email) values (117, 'Hanson', 'Emerton', 'hemerton38@globo.com');
insert into MOCKDATA (id, first_name, last_name, email) values (118, 'Fifi', 'Girke', 'fgirke39@blogtalkradio.com');
insert into MOCKDATA (id, first_name, last_name, email) values (119, 'Nani', 'Hindmore', 'nhindmore3a@csmonitor.com');
insert into MOCKDATA (id, first_name, last_name, email) values (120, 'Nesta', 'Fyldes', 'nfyldes3b@google.fr');
insert into MOCKDATA (id, first_name, last_name, email) values (121, 'Arni', 'Osgood', 'aosgood3c@ucla.edu');
insert into MOCKDATA (id, first_name, last_name, email) values (122, 'Kathy', 'Brugemann', 'kbrugemann3d@buzzfeed.com');
insert into MOCKDATA (id, first_name, last_name, email) values (123, 'Lorine', 'Dew', 'ldew3e@patch.com');
insert into MOCKDATA (id, first_name, last_name, email) values (124, 'Reid', 'Likely', 'rlikely3f@wisc.edu');
insert into MOCKDATA (id, first_name, last_name, email) values (125, 'Merrilee', 'Keggin', 'mkeggin3g@flavors.me');
insert into MOCKDATA (id, first_name, last_name, email) values (126, 'Penelope', 'Riddle', 'priddle3h@trellian.com');
insert into MOCKDATA (id, first_name, last_name, email) values (127, 'Noellyn', 'McDuff', 'nmcduff3i@google.com.br');
insert into MOCKDATA (id, first_name, last_name, email) values (128, 'Gladys', 'Mottershead', 'gmottershead3j@freewebs.com');
insert into MOCKDATA (id, first_name, last_name, email) values (129, 'Gay', 'Abyss', 'gabyss3k@printfriendly.com');
insert into MOCKDATA (id, first_name, last_name, email) values (130, 'Konstantine', 'Rodmell', 'krodmell3l@yelp.com');
insert into MOCKDATA (id, first_name, last_name, email) values (131, 'Ianthe', 'Prandoni', 'iprandoni3m@parallels.com');
insert into MOCKDATA (id, first_name, last_name, email) values (132, 'Herb', 'Strange', 'hstrange3n@rakuten.co.jp');
insert into MOCKDATA (id, first_name, last_name, email) values (133, 'Dom', 'Izkovitz', 'dizkovitz3o@si.edu');
insert into MOCKDATA (id, first_name, last_name, email) values (134, 'Danna', 'Coughan', 'dcoughan3p@java.com');
insert into MOCKDATA (id, first_name, last_name, email) values (135, 'Keri', 'Wyleman', 'kwyleman3q@w3.org');
insert into MOCKDATA (id, first_name, last_name, email) values (136, 'Sam', 'Clemot', 'sclemot3r@businessinsider.com');
insert into MOCKDATA (id, first_name, last_name, email) values (137, 'Fletcher', 'McCaffrey', 'fmccaffrey3s@about.com');
insert into MOCKDATA (id, first_name, last_name, email) values (138, 'Zulema', 'Brasse', 'zbrasse3t@newyorker.com');
insert into MOCKDATA (id, first_name, last_name, email) values (139, 'Aluin', 'Lyndon', 'alyndon3u@mail.ru');
insert into MOCKDATA (id, first_name, last_name, email) values (140, 'Gris', 'Burgon', 'gburgon3v@studiopress.com');
insert into MOCKDATA (id, first_name, last_name, email) values (141, 'Judon', 'Gyer', 'jgyer3w@amazon.co.uk');
insert into MOCKDATA (id, first_name, last_name, email) values (142, 'Iorgos', 'Giacopazzi', 'igiacopazzi3x@mysql.com');
insert into MOCKDATA (id, first_name, last_name, email) values (143, 'Waylin', 'Bentz', 'wbentz3y@timesonline.co.uk');
insert into MOCKDATA (id, first_name, last_name, email) values (144, 'Allx', 'McIlwain', 'amcilwain3z@state.tx.us');
insert into MOCKDATA (id, first_name, last_name, email) values (145, 'Filia', 'Karpol', 'fkarpol40@reference.com');
insert into MOCKDATA (id, first_name, last_name, email) values (146, 'Talyah', 'Pierro', 'tpierro41@altervista.org');
insert into MOCKDATA (id, first_name, last_name, email) values (147, 'Ynez', 'Andreuzzi', 'yandreuzzi42@twitter.com');
insert into MOCKDATA (id, first_name, last_name, email) values (148, 'Lisle', 'Pickaver', 'lpickaver43@g.co');
insert into MOCKDATA (id, first_name, last_name, email) values (149, 'Dill', 'Addie', 'daddie44@miibeian.gov.cn');
insert into MOCKDATA (id, first_name, last_name, email) values (150, 'Katha', 'Hallibone', 'khallibone45@buzzfeed.com');

insert into MOCKDATA (id, first_name, last_name, email) values (151, 'Shina', 'Dandison', 'sdandison46@arizona.edu');
insert into MOCKDATA (id, first_name, last_name, email) values (152, 'Dwain', 'Brabban', 'dbrabban47@dyndns.org');
insert into MOCKDATA (id, first_name, last_name, email) values (153, 'Shayna', 'Quipp', 'squipp48@google.de');
insert into MOCKDATA (id, first_name, last_name, email) values (154, 'Charis', 'Drewes', 'cdrewes49@desdev.cn');
insert into MOCKDATA (id, first_name, last_name, email) values (155, 'Lilly', 'Jehan', 'ljehan4a@unesco.org');
insert into MOCKDATA (id, first_name, last_name, email) values (156, 'Doug', 'Bratcher', 'dbratcher4b@zimbio.com');
insert into MOCKDATA (id, first_name, last_name, email) values (157, 'Collie', 'Jager', 'cjager4c@tripod.com');
insert into MOCKDATA (id, first_name, last_name, email) values (158, 'Urbano', 'Hurdiss', 'uhurdiss4d@dot.gov');
insert into MOCKDATA (id, first_name, last_name, email) values (159, 'Jillane', 'Langridge', 'jlangridge4e@yahoo.com');
insert into MOCKDATA (id, first_name, last_name, email) values (160, 'Lanita', 'Ayris', 'layris4f@house.gov');
insert into MOCKDATA (id, first_name, last_name, email) values (161, 'Hilarius', 'Painswick', 'hpainswick4g@ibm.com');
insert into MOCKDATA (id, first_name, last_name, email) values (162, 'Moyra', 'Burchett', 'mburchett4h@vkontakte.ru');
insert into MOCKDATA (id, first_name, last_name, email) values (163, 'Goddard', 'Openshaw', 'gopenshaw4i@jigsy.com');
insert into MOCKDATA (id, first_name, last_name, email) values (164, 'Fayina', 'Gruczka', 'fgruczka4j@moonfruit.com');
insert into MOCKDATA (id, first_name, last_name, email) values (165, 'Wolfie', 'Avramov', 'wavramov4k@nba.com');
insert into MOCKDATA (id, first_name, last_name, email) values (166, 'Gabriellia', 'Osburn', 'gosburn4l@newyorker.com');
insert into MOCKDATA (id, first_name, last_name, email) values (167, 'Shelby', 'Deelay', 'sdeelay4m@youtu.be');
insert into MOCKDATA (id, first_name, last_name, email) values (168, 'Marianna', 'Ovens', 'movens4n@sphinn.com');
insert into MOCKDATA (id, first_name, last_name, email) values (169, 'Hephzibah', 'Monshall', 'hmonshall4o@liveinternet.ru');
insert into MOCKDATA (id, first_name, last_name, email) values (170, 'Kessia', 'Bauckham', 'kbauckham4p@github.io');
insert into MOCKDATA (id, first_name, last_name, email) values (171, 'Katya', 'Stanaway', 'kstanaway4q@biblegateway.com');
insert into MOCKDATA (id, first_name, last_name, email) values (172, 'Chrissy', 'Yeiles', 'cyeiles4r@ezinearticles.com');
insert into MOCKDATA (id, first_name, last_name, email) values (173, 'Skelly', 'Daffey', 'sdaffey4s@time.com');
insert into MOCKDATA (id, first_name, last_name, email) values (174, 'Julianna', 'Trimme', 'jtrimme4t@squarespace.com');
insert into MOCKDATA (id, first_name, last_name, email) values (175, 'Aguste', 'Halleday', 'ahalleday4u@berkeley.edu');
insert into MOCKDATA (id, first_name, last_name, email) values (176, 'Melli', 'Piner', 'mpiner4v@yahoo.co.jp');
insert into MOCKDATA (id, first_name, last_name, email) values (177, 'Corny', 'Cockren', 'ccockren4w@redcross.org');
insert into MOCKDATA (id, first_name, last_name, email) values (178, 'Zacharie', 'Sallarie', 'zsallarie4x@rakuten.co.jp');
insert into MOCKDATA (id, first_name, last_name, email) values (179, 'Derick', 'Welden', 'dwelden4y@google.pl');
insert into MOCKDATA (id, first_name, last_name, email) values (180, 'Sharron', 'Spurge', 'sspurge4z@tumblr.com');
insert into MOCKDATA (id, first_name, last_name, email) values (181, 'Charis', 'Napolitano', 'cnapolitano50@shareasale.com');
insert into MOCKDATA (id, first_name, last_name, email) values (182, 'Pollyanna', 'Mintoff', 'pmintoff51@sourceforge.net');
insert into MOCKDATA (id, first_name, last_name, email) values (183, 'Alfie', 'Indgs', 'aindgs52@toplist.cz');
insert into MOCKDATA (id, first_name, last_name, email) values (184, 'Virge', 'Suggitt', 'vsuggitt53@rakuten.co.jp');
insert into MOCKDATA (id, first_name, last_name, email) values (185, 'Lorrayne', 'Opdenort', 'lopdenort54@wiley.com');
insert into MOCKDATA (id, first_name, last_name, email) values (186, 'Ronny', 'Harford', 'rharford55@slideshare.net');
insert into MOCKDATA (id, first_name, last_name, email) values (187, 'Egor', 'Arrowsmith', 'earrowsmith56@businesswire.com');
insert into MOCKDATA (id, first_name, last_name, email) values (188, 'Mignon', 'Tantum', 'mtantum57@rambler.ru');
insert into MOCKDATA (id, first_name, last_name, email) values (189, 'Hayden', 'Prendeguest', 'hprendeguest58@comsenz.com');
insert into MOCKDATA (id, first_name, last_name, email) values (190, 'Lexy', 'Swan', 'lswan59@prnewswire.com');
insert into MOCKDATA (id, first_name, last_name, email) values (191, 'Abbe', 'Francklyn', 'afrancklyn5a@yellowpages.com');
insert into MOCKDATA (id, first_name, last_name, email) values (192, 'Ruben', 'Gracey', 'rgracey5b@yelp.com');
insert into MOCKDATA (id, first_name, last_name, email) values (193, 'Hortense', 'Liggett', 'hliggett5c@samsung.com');
insert into MOCKDATA (id, first_name, last_name, email) values (194, 'Ingamar', 'Logsdail', 'ilogsdail5d@comcast.net');
insert into MOCKDATA (id, first_name, last_name, email) values (195, 'Blondelle', 'Mackiewicz', 'bmackiewicz5e@twitter.com');
insert into MOCKDATA (id, first_name, last_name, email) values (196, 'Galen', 'Girodin', 'ggirodin5f@europa.eu');
insert into MOCKDATA (id, first_name, last_name, email) values (197, 'Joanie', 'Gong', 'jgong5g@dedecms.com');
insert into MOCKDATA (id, first_name, last_name, email) values (198, 'Gib', 'Marjanski', 'gmarjanski5h@cdc.gov');
insert into MOCKDATA (id, first_name, last_name, email) values (199, 'Nick', 'Powney', 'npowney5i@spiegel.de');
insert into MOCKDATA (id, first_name, last_name, email) values (200, 'Theodoric', 'Gregori', 'tgregori5j@npr.org');
insert into MOCKDATA (id, first_name, last_name, email) values (201, 'Dollie', 'Arkow', 'darkow5k@who.int');
insert into MOCKDATA (id, first_name, last_name, email) values (202, 'Randee', 'Rae', 'rrae5l@hugedomains.com');
insert into MOCKDATA (id, first_name, last_name, email) values (203, 'Shela', 'Pochet', 'spochet5m@gov.uk');
insert into MOCKDATA (id, first_name, last_name, email) values (204, 'Salomo', 'Pasley', 'spasley5n@ucla.edu');
insert into MOCKDATA (id, first_name, last_name, email) values (205, 'Marsha', 'Korba', 'mkorba5o@adobe.com');
insert into MOCKDATA (id, first_name, last_name, email) values (206, 'Olav', 'Korpolak', 'okorpolak5p@dot.gov');
insert into MOCKDATA (id, first_name, last_name, email) values (207, 'Troy', 'Lohan', 'tlohan5q@berkeley.edu');
insert into MOCKDATA (id, first_name, last_name, email) values (208, 'Burke', 'Edmead', 'bedmead5r@bluehost.com');
insert into MOCKDATA (id, first_name, last_name, email) values (209, 'Kylen', 'Lennard', 'klennard5s@drupal.org');
insert into MOCKDATA (id, first_name, last_name, email) values (210, 'Pancho', 'Rosel', 'prosel5t@moonfruit.com');
insert into MOCKDATA (id, first_name, last_name, email) values (211, 'Mozes', 'Sidden', 'msidden5u@sfgate.com');
insert into MOCKDATA (id, first_name, last_name, email) values (212, 'Rockie', 'Jenkins', 'rjenkins5v@instagram.com');
insert into MOCKDATA (id, first_name, last_name, email) values (213, 'Zebadiah', 'Donlon', 'zdonlon5w@gmpg.org');
insert into MOCKDATA (id, first_name, last_name, email) values (214, 'Zerk', 'Fawcett', 'zfawcett5x@home.pl');
insert into MOCKDATA (id, first_name, last_name, email) values (215, 'Tamara', 'Haughin', 'thaughin5y@t-online.de');
insert into MOCKDATA (id, first_name, last_name, email) values (216, 'Morganne', 'MacCrossan', 'mmaccrossan5z@bizjournals.com');
insert into MOCKDATA (id, first_name, last_name, email) values (217, 'Michaela', 'Mathivon', 'mmathivon60@whitehouse.gov');
insert into MOCKDATA (id, first_name, last_name, email) values (218, 'Quintina', 'Ales0', 'qales61@qq.com');
insert into MOCKDATA (id, first_name, last_name, email) values (219, 'Edy', 'Sproule', 'esproule62@soundcloud.com');
insert into MOCKDATA (id, first_name, last_name, email) values (220, 'Kristel', 'Balshen', 'kbalshen63@businessinsider.com');
insert into MOCKDATA (id, first_name, last_name, email) values (221, 'Ced', 'Pervoe', 'cpervoe64@omniture.com');
insert into MOCKDATA (id, first_name, last_name, email) values (222, 'Charin', 'Draisey', 'cdraisey65@state.tx.us');
insert into MOCKDATA (id, first_name, last_name, email) values (223, 'Tad', 'Shobbrook', 'tshobbrook66@phpbb.com');
insert into MOCKDATA (id, first_name, last_name, email) values (224, 'Antonie', 'Leach', 'aleach67@dailymotion.com');
insert into MOCKDATA (id, first_name, last_name, email) values (225, 'Warner', 'Du Hamel', 'wduhamel68@illinois.edu');
insert into MOCKDATA (id, first_name, last_name, email) values (226, 'Maureene', 'Cohane', 'mcohane69@epa.gov');
insert into MOCKDATA (id, first_name, last_name, email) values (227, 'Roanna', 'Skough', 'rskough6a@yahoo.co.jp');
insert into MOCKDATA (id, first_name, last_name, email) values (228, 'Lianne', 'Farny', 'lfarny6b@msn.com');
insert into MOCKDATA (id, first_name, last_name, email) values (229, 'Clay', 'Mant', 'cmant6c@blogspot.com');
insert into MOCKDATA (id, first_name, last_name, email) values (230, 'Herrick', 'Lube', 'hlube6d@github.io');
insert into MOCKDATA (id, first_name, last_name, email) values (231, 'Joana', 'Curless', 'jcurless6e@toplist.cz');
insert into MOCKDATA (id, first_name, last_name, email) values (232, 'Jarrid', 'McKiddin', 'jmckiddin6f@zdnet.com');
insert into MOCKDATA (id, first_name, last_name, email) values (233, 'Winnah', 'Gurton', 'wgurton6g@elpais.com');
insert into MOCKDATA (id, first_name, last_name, email) values (234, 'Blisse', 'Kelcher', 'bkelcher6h@wordpress.com');
insert into MOCKDATA (id, first_name, last_name, email) values (235, 'Martita', 'Attrey', 'mattrey6i@merriam-webster.com');
insert into MOCKDATA (id, first_name, last_name, email) values (236, 'Anastasia', 'Possa', 'apossa6j@hibu.com');
insert into MOCKDATA (id, first_name, last_name, email) values (237, 'Orly', 'Feldmesser', 'ofeldmesser6k@google.com');
insert into MOCKDATA (id, first_name, last_name, email) values (238, 'Donielle', 'Livesay', 'dlivesay6l@theatlantic.com');
insert into MOCKDATA (id, first_name, last_name, email) values (239, 'Wain', 'Smithers', 'wsmithers6m@histats.com');
insert into MOCKDATA (id, first_name, last_name, email) values (240, 'Benetta', 'Capaldi', 'bcapaldi6n@google.fr');
insert into MOCKDATA (id, first_name, last_name, email) values (241, 'Miller', 'McKeran', 'mmckeran6o@creativecommons.org');
insert into MOCKDATA (id, first_name, last_name, email) values (242, 'Marji', 'Gozzett', 'mgozzett6p@indiatimes.com');
insert into MOCKDATA (id, first_name, last_name, email) values (243, 'Octavius', 'Gillogley', 'ogillogley6q@statcounter.com');
insert into MOCKDATA (id, first_name, last_name, email) values (244, 'Mada', 'Titchener', 'mtitchener6r@squidoo.com');
insert into MOCKDATA (id, first_name, last_name, email) values (245, 'Francisca', 'Prescote', 'fprescote6s@nature.com');
insert into MOCKDATA (id, first_name, last_name, email) values (246, 'Rudd', 'Winchcum', 'rwinchcum6t@theguardian.com');
insert into MOCKDATA (id, first_name, last_name, email) values (247, 'Ivar', 'D''Ambrogio', 'idambrogio6u@redcross.org');
insert into MOCKDATA (id, first_name, last_name, email) values (248, 'Melanie', 'Goodluck', 'mgoodluck6v@jigsy.com');
insert into MOCKDATA (id, first_name, last_name, email) values (249, 'Shelbi', 'Domnick', 'sdomnick6w@state.gov');
insert into MOCKDATA (id, first_name, last_name, email) values (250, 'Fleurette', 'Rooke', 'frooke6x@msn.com');
insert into MOCKDATA (id, first_name, last_name, email) values (251, 'Pansie', 'Starkey', 'pstarkey6y@omniture.com');
insert into MOCKDATA (id, first_name, last_name, email) values (252, 'Zebedee', 'Sam', 'zsam6z@hatena.ne.jp');
insert into MOCKDATA (id, first_name, last_name, email) values (253, 'Serena', 'Scad', 'sscad70@chron.com');
insert into MOCKDATA (id, first_name, last_name, email) values (254, 'Pablo', 'Sprionghall', 'psprionghall71@histats.com');
insert into MOCKDATA (id, first_name, last_name, email) values (255, 'Amil', 'Francescotti', 'afrancescotti72@blog.com');
insert into MOCKDATA (id, first_name, last_name, email) values (256, 'Jolynn', 'Clouter', 'jclouter73@vinaora.com');
insert into MOCKDATA (id, first_name, last_name, email) values (257, 'Leelah', 'Bineham', 'lbineham74@theglobeandmail.com');
insert into MOCKDATA (id, first_name, last_name, email) values (258, 'Gisela', 'Mewitt', 'gmewitt75@mozilla.com');
insert into MOCKDATA (id, first_name, last_name, email) values (259, 'Valery', 'Scutchin', 'vscutchin76@hao123.com');
insert into MOCKDATA (id, first_name, last_name, email) values (260, 'Holden', 'Fike', 'hfike77@rediff.com');
insert into MOCKDATA (id, first_name, last_name, email) values (261, 'Raychel', 'Orvis', 'rorvis78@liveinternet.ru');
insert into MOCKDATA (id, first_name, last_name, email) values (262, 'Callie', 'Le Fevre', 'clefevre79@netscape.com');
insert into MOCKDATA (id, first_name, last_name, email) values (263, 'Michel', 'Schultz', 'mschultz7a@geocities.jp');
insert into MOCKDATA (id, first_name, last_name, email) values (264, 'Lark', 'Wittier', 'lwittier7b@wikimedia.org');
insert into MOCKDATA (id, first_name, last_name, email) values (265, 'Crin', 'Callander', 'ccallander7c@washington.edu');
insert into MOCKDATA (id, first_name, last_name, email) values (266, 'Wilfrid', 'Spohrmann', 'wspohrmann7d@senate.gov');
insert into MOCKDATA (id, first_name, last_name, email) values (267, 'Geoff', 'Pendle', 'gpendle7e@studiopress.com');
insert into MOCKDATA (id, first_name, last_name, email) values (268, 'Kellia', 'Churchin', 'kchurchin7f@feedburner.com');
insert into MOCKDATA (id, first_name, last_name, email) values (269, 'Del', 'Albro', 'dalbro7g@weibo.com');
insert into MOCKDATA (id, first_name, last_name, email) values (270, 'Bidget', 'De Ferraris', 'bdeferraris7h@google.com');
insert into MOCKDATA (id, first_name, last_name, email) values (271, 'Conny', 'Husselbee', 'chusselbee7i@ibm.com');
insert into MOCKDATA (id, first_name, last_name, email) values (272, 'Bella', 'Parchment', 'bparchment7j@google.de');
insert into MOCKDATA (id, first_name, last_name, email) values (273, 'Elise', 'Tuckwell', 'etuckwell7k@dell.com');
insert into MOCKDATA (id, first_name, last_name, email) values (274, 'Jeramey', 'Bamb', 'jbamb7l@java.com');
insert into MOCKDATA (id, first_name, last_name, email) values (275, 'Cullan', 'Jukubczak', 'cjukubczak7m@canalblog.com');
insert into MOCKDATA (id, first_name, last_name, email) values (276, 'Caitlin', 'Gilvary', 'cgilvary7n@e-recht24.de');
insert into MOCKDATA (id, first_name, last_name, email) values (277, 'Ted', 'Feifer', 'tfeifer7o@geocities.jp');
insert into MOCKDATA (id, first_name, last_name, email) values (278, 'Lemmy', 'MacNair', 'lmacnair7p@vinaora.com');
insert into MOCKDATA (id, first_name, last_name, email) values (279, 'Isadora', 'Paxman', 'ipaxman7q@state.tx.us');
insert into MOCKDATA (id, first_name, last_name, email) values (280, 'Lazare', 'Rippin', 'lrippin7r@desdev.cn');
insert into MOCKDATA (id, first_name, last_name, email) values (281, 'Othelia', 'Barthel', 'obarthel7s@jalbum.net');
insert into MOCKDATA (id, first_name, last_name, email) values (282, 'Kissiah', 'Traill', 'ktraill7t@nytimes.com');
insert into MOCKDATA (id, first_name, last_name, email) values (283, 'Lelia', 'Stollsteiner', 'lstollsteiner7u@miitbeian.gov.cn');
insert into MOCKDATA (id, first_name, last_name, email) values (284, 'Bobbe', 'Coopper', 'bcoopper7v@businesswire.com');
insert into MOCKDATA (id, first_name, last_name, email) values (285, 'Lay', 'Kyston', 'lkyston7w@so-net.ne.jp');
insert into MOCKDATA (id, first_name, last_name, email) values (286, 'Suzie', 'Harrington', 'sharrington7x@miibeian.gov.cn');
insert into MOCKDATA (id, first_name, last_name, email) values (287, 'Jodee', 'Gorvin', 'jgorvin7y@hud.gov');
insert into MOCKDATA (id, first_name, last_name, email) values (288, 'Harry', 'Robinette', 'hrobinette7z@discovery.com');
insert into MOCKDATA (id, first_name, last_name, email) values (289, 'Marika', 'Ropcke', 'mropcke80@stumbleupon.com');
insert into MOCKDATA (id, first_name, last_name, email) values (290, 'Tedda', 'Deverall', 'tdeverall81@webmd.com');
insert into MOCKDATA (id, first_name, last_name, email) values (291, 'Aubrette', 'O''Curneen', 'aocurneen82@github.com');
insert into MOCKDATA (id, first_name, last_name, email) values (292, 'Claude', 'Lisimore', 'clisimore83@webeden.co.uk');
insert into MOCKDATA (id, first_name, last_name, email) values (293, 'Oona', 'Gerran', 'ogerran84@umn.edu');
insert into MOCKDATA (id, first_name, last_name, email) values (294, 'Celle', 'Du Pre', 'cdupre85@army.mil');
insert into MOCKDATA (id, first_name, last_name, email) values (295, 'Paula', 'Tills', 'ptills86@behance.net');
insert into MOCKDATA (id, first_name, last_name, email) values (296, 'Stanfield', 'Canero', 'scanero87@sohu.com');
insert into MOCKDATA (id, first_name, last_name, email) values (297, 'Avril', 'Keenan', 'akeenan88@unblog.fr');
insert into MOCKDATA (id, first_name, last_name, email) values (298, 'Arlin', 'Stannis', 'astannis89@bluehost.com');
insert into MOCKDATA (id, first_name, last_name, email) values (299, 'Conrade', 'Crosher', 'ccrosher8a@mapquest.com');
insert into MOCKDATA (id, first_name, last_name, email) values (300, 'Hilarius', 'Waison', 'hwaison8b@ehow.com');
insert into MOCKDATA (id, first_name, last_name, email) values (301, 'Janella', 'Smylie', 'jsmylie8c@biglobe.ne.jp');
insert into MOCKDATA (id, first_name, last_name, email) values (302, 'Ulrika', 'Bayley', 'ubayley8d@elpais.com');
insert into MOCKDATA (id, first_name, last_name, email) values (303, 'Cynthie', 'Tohill', 'ctohill8e@senate.gov');
insert into MOCKDATA (id, first_name, last_name, email) values (304, 'Orin', 'McDade', 'omcdade8f@shinystat.com');
insert into MOCKDATA (id, first_name, last_name, email) values (305, 'Jillian', 'Gatchell', 'jgatchell8g@goo.ne.jp');
insert into MOCKDATA (id, first_name, last_name, email) values (306, 'Tabbitha', 'Klimov', 'tklimov8h@mashable.com');
insert into MOCKDATA (id, first_name, last_name, email) values (307, 'Alethea', 'Prime', 'aprime8i@photobucket.com');
insert into MOCKDATA (id, first_name, last_name, email) values (308, 'Bartram', 'Paskins', 'bpaskins8j@e-recht24.de');
insert into MOCKDATA (id, first_name, last_name, email) values (309, 'Jenna', 'Kreutzer', 'jkreutzer8k@cisco.com');
insert into MOCKDATA (id, first_name, last_name, email) values (310, 'Pietrek', 'Maggiore', 'pmaggiore8l@t.co');
insert into MOCKDATA (id, first_name, last_name, email) values (311, 'Novelia', 'Jenkin', 'njenkin8m@example.com');
insert into MOCKDATA (id, first_name, last_name, email) values (312, 'Collin', 'Stollberger', 'cstollberger8n@pagesperso-orange.fr');
insert into MOCKDATA (id, first_name, last_name, email) values (313, 'Emmye', 'Richard', 'erichard8o@marriott.com');
insert into MOCKDATA (id, first_name, last_name, email) values (314, 'Jon', 'Jost', 'jjost8p@mozilla.org');
insert into MOCKDATA (id, first_name, last_name, email) values (315, 'Lauren', 'Duran', 'lduran8q@ehow.com');
insert into MOCKDATA (id, first_name, last_name, email) values (316, 'Harwilll', 'Wolfindale', 'hwolfindale8r@jigsy.com');
insert into MOCKDATA (id, first_name, last_name, email) values (317, 'Almeda', 'Budik', 'abudik8s@kickstarter.com');
insert into MOCKDATA (id, first_name, last_name, email) values (318, 'Jillian', 'Poff', 'jpoff8t@answers.com');
insert into MOCKDATA (id, first_name, last_name, email) values (319, 'Devlin', 'Fredy', 'dfredy8u@typepad.com');
insert into MOCKDATA (id, first_name, last_name, email) values (320, 'Paxon', 'Lamas', 'plamas8v@state.gov');
insert into MOCKDATA (id, first_name, last_name, email) values (321, 'Taddeo', 'Jales', 'tjales8w@123-reg.co.uk');
insert into MOCKDATA (id, first_name, last_name, email) values (322, 'Alfie', 'Lightwood', 'alightwood8x@live.com');
insert into MOCKDATA (id, first_name, last_name, email) values (323, 'Ingunna', 'Stonhouse', 'istonhouse8y@aboutads.info');
insert into MOCKDATA (id, first_name, last_name, email) values (324, 'Godart', 'Chadburn', 'gchadburn8z@cloudflare.com');
insert into MOCKDATA (id, first_name, last_name, email) values (325, 'Agatha', 'Fache', 'afache90@geocities.jp');
insert into MOCKDATA (id, first_name, last_name, email) values (326, 'Umberto', 'Maurice', 'umaurice91@freewebs.com');
insert into MOCKDATA (id, first_name, last_name, email) values (327, 'Reggie', 'Whillock', 'rwhillock92@time.com');
insert into MOCKDATA (id, first_name, last_name, email) values (328, 'Jaclin', 'Forder', 'jforder93@loc.gov');
insert into MOCKDATA (id, first_name, last_name, email) values (329, 'Karil', 'Matussov', 'kmatussov94@wikimedia.org');
insert into MOCKDATA (id, first_name, last_name, email) values (330, 'Judy', 'Greenlies', 'jgreenlies95@dion.ne.jp');
insert into MOCKDATA (id, first_name, last_name, email) values (331, 'Dedie', 'Pheasey', 'dpheasey96@google.ca');
insert into MOCKDATA (id, first_name, last_name, email) values (332, 'Muriel', 'Clarkson', 'mclarkson97@gnu.org');
insert into MOCKDATA (id, first_name, last_name, email) values (333, 'Deni', 'Marr', 'dmarr98@51.la');
insert into MOCKDATA (id, first_name, last_name, email) values (334, 'Win', 'Stalf', 'wstalf99@unicef.org');
insert into MOCKDATA (id, first_name, last_name, email) values (335, 'Eba', 'Seary', 'eseary9a@ibm.com');
insert into MOCKDATA (id, first_name, last_name, email) values (336, 'Any', 'Emma', 'aemma9b@comsenz.com');
insert into MOCKDATA (id, first_name, last_name, email) values (337, 'Nessa', 'Kleinmann', 'nkleinmann9c@senate.gov');
insert into MOCKDATA (id, first_name, last_name, email) values (338, 'Gisela', 'Armitt', 'garmitt9d@gravatar.com');
insert into MOCKDATA (id, first_name, last_name, email) values (339, 'Sashenka', 'Alasdair', 'salasdair9e@g.co');
insert into MOCKDATA (id, first_name, last_name, email) values (340, 'Viola', 'Hudless', 'vhudless9f@rambler.ru');
insert into MOCKDATA (id, first_name, last_name, email) values (341, 'Kore', 'Barfoot', 'kbarfoot9g@symantec.com');
insert into MOCKDATA (id, first_name, last_name, email) values (342, 'Johannes', 'De Bruin', 'jdebruin9h@angelfire.com');
insert into MOCKDATA (id, first_name, last_name, email) values (343, 'Erik', 'Carlin', 'ecarlin9i@deviantart.com');
insert into MOCKDATA (id, first_name, last_name, email) values (344, 'Bobinette', 'Walrond', 'bwalrond9j@paginegialle.it');
insert into MOCKDATA (id, first_name, last_name, email) values (345, 'Barth', 'Bevans', 'bbevans9k@census.gov');
insert into MOCKDATA (id, first_name, last_name, email) values (346, 'Rasla', 'McGarvie', 'rmcgarvie9l@youtu.be');
insert into MOCKDATA (id, first_name, last_name, email) values (347, 'Reube', 'Lahy', 'rlahy9m@cisco.com');
insert into MOCKDATA (id, first_name, last_name, email) values (348, 'Birch', 'Meaders', 'bmeaders9n@cbslocal.com');
insert into MOCKDATA (id, first_name, last_name, email) values (349, 'Mariele', 'Auty', 'mauty9o@skype.com');
insert into MOCKDATA (id, first_name, last_name, email) values (350, 'Eldon', 'Birdis', 'ebirdis9p@auda.org.au');
insert into MOCKDATA (id, first_name, last_name, email) values (351, 'Ignatius', 'Hoyte', 'ihoyte9q@liveinternet.ru');
insert into MOCKDATA (id, first_name, last_name, email) values (352, 'Kermy', 'Fullstone', 'kfullstone9r@gravatar.com');
insert into MOCKDATA (id, first_name, last_name, email) values (353, 'Anjanette', 'Grunder', 'agrunder9s@etsy.com');
insert into MOCKDATA (id, first_name, last_name, email) values (354, 'Golda', 'Lighton', 'glighton9t@cnbc.com');
insert into MOCKDATA (id, first_name, last_name, email) values (355, 'Dacey', 'Carass', 'dcarass9u@army.mil');
insert into MOCKDATA (id, first_name, last_name, email) values (356, 'Carlo', 'Slayton', 'cslayton9v@wired.com');
insert into MOCKDATA (id, first_name, last_name, email) values (357, 'Flossi', 'Banyard', 'fbanyard9w@hostgator.com');
insert into MOCKDATA (id, first_name, last_name, email) values (358, 'Jamil', 'Fleury', 'jfleury9x@smh.com.au');
insert into MOCKDATA (id, first_name, last_name, email) values (359, 'Ky', 'Van der Baaren', 'kvanderbaaren9y@eepurl.com');
insert into MOCKDATA (id, first_name, last_name, email) values (360, 'Dasha', 'Cubbit', 'dcubbit9z@samsung.com');
insert into MOCKDATA (id, first_name, last_name, email) values (361, 'Kelsy', 'Liveing', 'kliveinga0@narod.ru');
insert into MOCKDATA (id, first_name, last_name, email) values (362, 'Lorain', 'Findlater', 'lfindlatera1@google.cn');
insert into MOCKDATA (id, first_name, last_name, email) values (363, 'Titus', 'Salsberg', 'tsalsberga2@spotify.com');
insert into MOCKDATA (id, first_name, last_name, email) values (364, 'Sandro', 'Dodding', 'sdoddinga3@sitemeter.com');
insert into MOCKDATA (id, first_name, last_name, email) values (365, 'Jervis', 'Dounbare', 'jdounbarea4@wikimedia.org');
insert into MOCKDATA (id, first_name, last_name, email) values (366, 'Brenden', 'Calfe', 'bcalfea5@godaddy.com');
insert into MOCKDATA (id, first_name, last_name, email) values (367, 'Risa', 'Dods', 'rdodsa6@reference.com');
insert into MOCKDATA (id, first_name, last_name, email) values (368, 'Donielle', 'Akker', 'dakkera7@google.es');
insert into MOCKDATA (id, first_name, last_name, email) values (369, 'Joe', 'Klimt', 'jklimta8@upenn.edu');
insert into MOCKDATA (id, first_name, last_name, email) values (370, 'Carson', 'Windebank', 'cwindebanka9@narod.ru');
insert into MOCKDATA (id, first_name, last_name, email) values (371, 'Aurea', 'Tinham', 'atinhamaa@delicious.com');
insert into MOCKDATA (id, first_name, last_name, email) values (372, 'Aeriela', 'Kahler', 'akahlerab@ucla.edu');
insert into MOCKDATA (id, first_name, last_name, email) values (373, 'Eadie', 'Cureton', 'ecuretonac@yellowbook.com');
insert into MOCKDATA (id, first_name, last_name, email) values (374, 'Carolynn', 'Sill', 'csillad@whitehouse.gov');
insert into MOCKDATA (id, first_name, last_name, email) values (375, 'Dagny', 'Feltoe', 'dfeltoeae@whitehouse.gov');
insert into MOCKDATA (id, first_name, last_name, email) values (376, 'Tiff', 'Kornacki', 'tkornackiaf@mozilla.org');
insert into MOCKDATA (id, first_name, last_name, email) values (377, 'Lynda', 'Lamberteschi', 'llamberteschiag@woothemes.com');
insert into MOCKDATA (id, first_name, last_name, email) values (378, 'Priscella', 'Gynne', 'pgynneah@sbwire.com');
insert into MOCKDATA (id, first_name, last_name, email) values (379, 'Giulietta', 'Ruddin', 'gruddinai@unblog.fr');
insert into MOCKDATA (id, first_name, last_name, email) values (380, 'Adriane', 'Checklin', 'achecklinaj@hugedomains.com');
insert into MOCKDATA (id, first_name, last_name, email) values (381, 'Elia', 'L''argent', 'elargentak@state.gov');
insert into MOCKDATA (id, first_name, last_name, email) values (382, 'Katti', 'Picker', 'kpickeral@linkedin.com');
insert into MOCKDATA (id, first_name, last_name, email) values (383, 'June', 'Frewer', 'jfreweram@patch.com');
insert into MOCKDATA (id, first_name, last_name, email) values (384, 'Colene', 'Himsworth', 'chimsworthan@pbs.org');
insert into MOCKDATA (id, first_name, last_name, email) values (385, 'Vivie', 'Wormstone', 'vwormstoneao@arstechnica.com');
insert into MOCKDATA (id, first_name, last_name, email) values (386, 'Rickard', 'Jeyes', 'rjeyesap@4shared.com');
insert into MOCKDATA (id, first_name, last_name, email) values (387, 'Kirbie', 'Portugal', 'kportugalaq@aol.com');
insert into MOCKDATA (id, first_name, last_name, email) values (388, 'Fae', 'Slimm', 'fslimmar@tinypic.com');
insert into MOCKDATA (id, first_name, last_name, email) values (389, 'Dorothy', 'Sales', 'dsalesas@ted.com');
insert into MOCKDATA (id, first_name, last_name, email) values (390, 'Levon', 'Grigolashvill', 'lgrigolashvillat@wikispaces.com');
insert into MOCKDATA (id, first_name, last_name, email) values (391, 'Dolly', 'Zelner', 'dzelnerau@edublogs.org');
insert into MOCKDATA (id, first_name, last_name, email) values (392, 'Annabella', 'McMurdo', 'amcmurdoav@auda.org.au');
insert into MOCKDATA (id, first_name, last_name, email) values (393, 'Natale', 'Breslane', 'nbreslaneaw@time.com');
insert into MOCKDATA (id, first_name, last_name, email) values (394, 'Leontine', 'Lorincz', 'llorinczax@hp.com');
insert into MOCKDATA (id, first_name, last_name, email) values (395, 'Becca', 'Ulyet', 'bulyetay@tripod.com');
insert into MOCKDATA (id, first_name, last_name, email) values (396, 'Theresa', 'Jenking', 'tjenkingaz@twitpic.com');
insert into MOCKDATA (id, first_name, last_name, email) values (397, 'Gabie', 'Boutflour', 'gboutflourb0@imdb.com');
insert into MOCKDATA (id, first_name, last_name, email) values (398, 'Eileen', 'Beeken', 'ebeekenb1@g.co');
insert into MOCKDATA (id, first_name, last_name, email) values (399, 'Dane', 'Annion', 'dannionb2@godaddy.com');
insert into MOCKDATA (id, first_name, last_name, email) values (400, 'Kelcy', 'Tille', 'ktilleb3@cnbc.com');
insert into MOCKDATA (id, first_name, last_name, email) values (401, 'Port', 'Tremeer', 'ptremeerb4@imgur.com');
insert into MOCKDATA (id, first_name, last_name, email) values (402, 'Abba', 'Chaldecott', 'achaldecottb5@abc.net.au');
insert into MOCKDATA (id, first_name, last_name, email) values (403, 'Levin', 'Grzegorzewicz', 'lgrzegorzewiczb6@netlog.com');
insert into MOCKDATA (id, first_name, last_name, email) values (404, 'Roi', 'Faers', 'rfaersb7@loc.gov');
insert into MOCKDATA (id, first_name, last_name, email) values (405, 'Nat', 'Trinkwon', 'ntrinkwonb8@usa.gov');
insert into MOCKDATA (id, first_name, last_name, email) values (406, 'Shamus', 'Sothcott', 'ssothcottb9@cdbaby.com');
insert into MOCKDATA (id, first_name, last_name, email) values (407, 'Cate', 'McShee', 'cmcsheeba@latimes.com');
insert into MOCKDATA (id, first_name, last_name, email) values (408, 'Lillian', 'Papaccio', 'lpapacciobb@tamu.edu');
insert into MOCKDATA (id, first_name, last_name, email) values (409, 'Regan', 'Devil', 'rdevilbc@umich.edu');
insert into MOCKDATA (id, first_name, last_name, email) values (410, 'Leeland', 'Pavlov', 'lpavlovbd@cpanel.net');
insert into MOCKDATA (id, first_name, last_name, email) values (411, 'Rici', 'Tacker', 'rtackerbe@yellowbook.com');
insert into MOCKDATA (id, first_name, last_name, email) values (412, 'Meggie', 'Cathery', 'mcatherybf@cafepress.com');
insert into MOCKDATA (id, first_name, last_name, email) values (413, 'Addy', 'Scobbie', 'ascobbiebg@msn.com');
insert into MOCKDATA (id, first_name, last_name, email) values (414, 'Staci', 'Meffin', 'smeffinbh@gnu.org');
insert into MOCKDATA (id, first_name, last_name, email) values (415, 'Adelind', 'Hewes', 'ahewesbi@bluehost.com');
insert into MOCKDATA (id, first_name, last_name, email) values (416, 'Daveta', 'Dyett', 'ddyettbj@rambler.ru');
insert into MOCKDATA (id, first_name, last_name, email) values (417, 'Jordanna', 'Eassom', 'jeassombk@usgs.gov');
insert into MOCKDATA (id, first_name, last_name, email) values (418, 'Jacques', 'Lehrer', 'jlehrerbl@gravatar.com');
insert into MOCKDATA (id, first_name, last_name, email) values (419, 'Jenelle', 'Link', 'jlinkbm@toplist.cz');
insert into MOCKDATA (id, first_name, last_name, email) values (420, 'Susette', 'Shackleton', 'sshackletonbn@posterous.com');
insert into MOCKDATA (id, first_name, last_name, email) values (421, 'Linus', 'Caulket', 'lcaulketbo@ehow.com');
insert into MOCKDATA (id, first_name, last_name, email) values (422, 'Suzanne', 'Standen', 'sstandenbp@washingtonpost.com');
insert into MOCKDATA (id, first_name, last_name, email) values (423, 'Neddy', 'Downie', 'ndowniebq@china.com.cn');
insert into MOCKDATA (id, first_name, last_name, email) values (424, 'Jenica', 'Dowse', 'jdowsebr@gnu.org');
insert into MOCKDATA (id, first_name, last_name, email) values (425, 'Krystalle', 'Baress', 'kbaressbs@apache.org');
insert into MOCKDATA (id, first_name, last_name, email) values (426, 'Jan', 'Kleinhaus', 'jkleinhausbt@weebly.com');
insert into MOCKDATA (id, first_name, last_name, email) values (427, 'Leia', 'Haxby', 'lhaxbybu@spotify.com');
insert into MOCKDATA (id, first_name, last_name, email) values (428, 'Brinna', 'Poolton', 'bpooltonbv@flavors.me');
insert into MOCKDATA (id, first_name, last_name, email) values (429, 'Corette', 'Menier', 'cmenierbw@mozilla.org');
insert into MOCKDATA (id, first_name, last_name, email) values (430, 'Lauraine', 'Hurdwell', 'lhurdwellbx@instagram.com');
insert into MOCKDATA (id, first_name, last_name, email) values (431, 'Asia', 'McCracken', 'amccrackenby@smugmug.com');
insert into MOCKDATA (id, first_name, last_name, email) values (432, 'Englebert', 'Dingate', 'edingatebz@arizona.edu');
insert into MOCKDATA (id, first_name, last_name, email) values (433, 'Liva', 'Keenlayside', 'lkeenlaysidec0@yellowbook.com');
insert into MOCKDATA (id, first_name, last_name, email) values (434, 'Rochelle', 'Vondra', 'rvondrac1@nasa.gov');
insert into MOCKDATA (id, first_name, last_name, email) values (435, 'Kelli', 'O'' Hogan', 'kohoganc2@princeton.edu');
insert into MOCKDATA (id, first_name, last_name, email) values (436, 'Decca', 'Antony', 'dantonyc3@bizjournals.com');
insert into MOCKDATA (id, first_name, last_name, email) values (437, 'Otho', 'Borthwick', 'oborthwickc4@hao123.com');
insert into MOCKDATA (id, first_name, last_name, email) values (438, 'Jefferson', 'Lestrange', 'jlestrangec5@jimdo.com');
insert into MOCKDATA (id, first_name, last_name, email) values (439, 'Weston', 'Stratton', 'wstrattonc6@hc360.com');
insert into MOCKDATA (id, first_name, last_name, email) values (440, 'Abra', 'Nutting', 'anuttingc7@ucla.edu');
insert into MOCKDATA (id, first_name, last_name, email) values (441, 'Jennifer', 'Joiris', 'jjoirisc8@apple.com');
insert into MOCKDATA (id, first_name, last_name, email) values (442, 'Livvyy', 'Dusting', 'ldustingc9@youtube.com');
insert into MOCKDATA (id, first_name, last_name, email) values (443, 'Adlai', 'Ondrus', 'aondrusca@creativecommons.org');
insert into MOCKDATA (id, first_name, last_name, email) values (444, 'Aubrey', 'Ragate', 'aragatecb@disqus.com');
insert into MOCKDATA (id, first_name, last_name, email) values (445, 'Evonne', 'Irlam', 'eirlamcc@disqus.com');
insert into MOCKDATA (id, first_name, last_name, email) values (446, 'Farleigh', 'Hayden', 'fhaydencd@livejournal.com');
insert into MOCKDATA (id, first_name, last_name, email) values (447, 'Rossie', 'Jakubovsky', 'rjakubovskyce@umich.edu');
insert into MOCKDATA (id, first_name, last_name, email) values (448, 'Andrej', 'Gribble', 'agribblecf@odnoklassniki.ru');
insert into MOCKDATA (id, first_name, last_name, email) values (449, 'Coletta', 'Doorly', 'cdoorlycg@goodreads.com');
insert into MOCKDATA (id, first_name, last_name, email) values (450, 'Jerrome', 'Dimont', 'jdimontch@springer.com');
insert into MOCKDATA (id, first_name, last_name, email) values (451, 'Ermengarde', 'Frankema', 'efrankemaci@t-online.de');
insert into MOCKDATA (id, first_name, last_name, email) values (452, 'Ave', 'Convery', 'aconverycj@reddit.com');
insert into MOCKDATA (id, first_name, last_name, email) values (453, 'Brandie', 'Kincla', 'bkinclack@cnn.com');
insert into MOCKDATA (id, first_name, last_name, email) values (454, 'Rayshell', 'Renney', 'rrenneycl@tamu.edu');
insert into MOCKDATA (id, first_name, last_name, email) values (455, 'Erin', 'Cornick', 'ecornickcm@eventbrite.com');
insert into MOCKDATA (id, first_name, last_name, email) values (456, 'Bob', 'Leivers', 'bleiverscn@naver.com');
insert into MOCKDATA (id, first_name, last_name, email) values (457, 'Tremain', 'Hexter', 'thexterco@ed.gov');
insert into MOCKDATA (id, first_name, last_name, email) values (458, 'Mufinella', 'Comino', 'mcominocp@about.com');
insert into MOCKDATA (id, first_name, last_name, email) values (459, 'Sonni', 'Brennen', 'sbrennencq@goodreads.com');
insert into MOCKDATA (id, first_name, last_name, email) values (460, 'Lona', 'Boshard', 'lboshardcr@photobucket.com');
insert into MOCKDATA (id, first_name, last_name, email) values (461, 'Sascha', 'Arderne', 'sardernecs@mozilla.org');
insert into MOCKDATA (id, first_name, last_name, email) values (462, 'Beulah', 'Voules', 'bvoulesct@mlb.com');
insert into MOCKDATA (id, first_name, last_name, email) values (463, 'Daryl', 'Lamacraft', 'dlamacraftcu@stanford.edu');
insert into MOCKDATA (id, first_name, last_name, email) values (464, 'Trudey', 'Balston', 'tbalstoncv@feedburner.com');
insert into MOCKDATA (id, first_name, last_name, email) values (465, 'Larisa', 'Arrigucci', 'larriguccicw@theglobeandmail.com');
insert into MOCKDATA (id, first_name, last_name, email) values (466, 'El', 'Ridout', 'eridoutcx@ucoz.com');
insert into MOCKDATA (id, first_name, last_name, email) values (467, 'Kahlil', 'Alessandrelli', 'kalessandrellicy@bloglines.com');
insert into MOCKDATA (id, first_name, last_name, email) values (468, 'Elna', 'Rougier', 'erougiercz@illinois.edu');
insert into MOCKDATA (id, first_name, last_name, email) values (469, 'Ruby', 'Carrabot', 'rcarrabotd0@jugem.jp');
insert into MOCKDATA (id, first_name, last_name, email) values (470, 'Gratia', 'Bennell', 'gbennelld1@howstuffworks.com');
insert into MOCKDATA (id, first_name, last_name, email) values (471, 'Britni', 'Spencers', 'bspencersd2@soup.io');
insert into MOCKDATA (id, first_name, last_name, email) values (472, 'Barbette', 'Ovill', 'bovilld3@squarespace.com');
insert into MOCKDATA (id, first_name, last_name, email) values (473, 'Aili', 'Waterstone', 'awaterstoned4@trellian.com');
insert into MOCKDATA (id, first_name, last_name, email) values (474, 'Saundra', 'Benedyktowicz', 'sbenedyktowiczd5@hc360.com');
insert into MOCKDATA (id, first_name, last_name, email) values (475, 'Jacinta', 'Battershall', 'jbattershalld6@reuters.com');
insert into MOCKDATA (id, first_name, last_name, email) values (476, 'Ray', 'Laffan', 'rlaffand7@nba.com');
insert into MOCKDATA (id, first_name, last_name, email) values (477, 'Butch', 'Daen', 'bdaend8@gravatar.com');
insert into MOCKDATA (id, first_name, last_name, email) values (478, 'Felicity', 'Foli', 'ffolid9@technorati.com');
insert into MOCKDATA (id, first_name, last_name, email) values (479, 'Freeman', 'Dawbery', 'fdawberyda@yahoo.com');
insert into MOCKDATA (id, first_name, last_name, email) values (480, 'Brad', 'Padgett', 'bpadgettdb@walmart.com');
insert into MOCKDATA (id, first_name, last_name, email) values (481, 'Kissee', 'Lindenboim', 'klindenboimdc@amazon.de');
insert into MOCKDATA (id, first_name, last_name, email) values (482, 'Fanya', 'Casham', 'fcashamdd@house.gov');
insert into MOCKDATA (id, first_name, last_name, email) values (483, 'Ettie', 'Cheale', 'echealede@latimes.com');
insert into MOCKDATA (id, first_name, last_name, email) values (484, 'Clary', 'Woodison', 'cwoodisondf@rakuten.co.jp');
insert into MOCKDATA (id, first_name, last_name, email) values (485, 'Mina', 'Lilford', 'mlilforddg@unc.edu');
insert into MOCKDATA (id, first_name, last_name, email) values (486, 'Mel', 'Nanninini', 'mnannininidh@exblog.jp');
insert into MOCKDATA (id, first_name, last_name, email) values (487, 'Giffard', 'Maasze', 'gmaaszedi@gmpg.org');
insert into MOCKDATA (id, first_name, last_name, email) values (488, 'Mortie', 'Degenhardt', 'mdegenhardtdj@drupal.org');
insert into MOCKDATA (id, first_name, last_name, email) values (489, 'Myrtice', 'Wilsey', 'mwilseydk@livejournal.com');
insert into MOCKDATA (id, first_name, last_name, email) values (490, 'Kain', 'Murty', 'kmurtydl@zdnet.com');
insert into MOCKDATA (id, first_name, last_name, email) values (491, 'Lani', 'Kohter', 'lkohterdm@blogtalkradio.com');
insert into MOCKDATA (id, first_name, last_name, email) values (492, 'Vida', 'Larose', 'vlarosedn@wp.com');
insert into MOCKDATA (id, first_name, last_name, email) values (493, 'Nicoline', 'McAleese', 'nmcaleesedo@apple.com');
insert into MOCKDATA (id, first_name, last_name, email) values (494, 'Daphene', 'Hardie', 'dhardiedp@cafepress.com');
insert into MOCKDATA (id, first_name, last_name, email) values (495, 'Charita', 'Slocum', 'cslocumdq@google.nl');
insert into MOCKDATA (id, first_name, last_name, email) values (496, 'Liesa', 'McLachlan', 'lmclachlandr@umn.edu');
insert into MOCKDATA (id, first_name, last_name, email) values (497, 'Hobart', 'Tyce', 'htyceds@fema.gov');
insert into MOCKDATA (id, first_name, last_name, email) values (498, 'Marleen', 'Eilhart', 'meilhartdt@pbs.org');
insert into MOCKDATA (id, first_name, last_name, email) values (499, 'Wendie', 'Sackett', 'wsackettdu@nsw.gov.au');
insert into MOCKDATA (id, first_name, last_name, email) values (500, 'Ellsworth', 'Milne', 'emilnedv@apple.com');





insert into MOCKDATA (id, first_name, last_name, email) values (501, 'Currie', 'Pollicote', 'cpollicotedw@shareasale.com');
insert into MOCKDATA (id, first_name, last_name, email) values (502, 'Derrek', 'Yedall', 'dyedalldx@histats.com');
insert into MOCKDATA (id, first_name, last_name, email) values (503, 'Millicent', 'Cinavas', 'mcinavasdy@ow.ly');
insert into MOCKDATA (id, first_name, last_name, email) values (504, 'Tam', 'Stobbe', 'tstobbedz@yandex.ru');
insert into MOCKDATA (id, first_name, last_name, email) values (505, 'Brett', 'Rivett', 'brivette0@webmd.com');
insert into MOCKDATA (id, first_name, last_name, email) values (506, 'Herbie', 'Leap', 'hleape1@usa.gov');
insert into MOCKDATA (id, first_name, last_name, email) values (507, 'Raffaello', 'Swindlehurst', 'rswindlehurste2@netscape.com');
insert into MOCKDATA (id, first_name, last_name, email) values (508, 'Harrie', 'Esch', 'hesche3@altervista.org');
insert into MOCKDATA (id, first_name, last_name, email) values (509, 'Worth', 'Sedge', 'wsedgee4@arizona.edu');
insert into MOCKDATA (id, first_name, last_name, email) values (510, 'Francyne', 'Dener', 'fdenere5@barnesandnoble.com');
insert into MOCKDATA (id, first_name, last_name, email) values (511, 'Natala', 'Nassie', 'nnassiee6@amazon.de');
insert into MOCKDATA (id, first_name, last_name, email) values (512, 'Renard', 'Brockley', 'rbrockleye7@1688.com');
insert into MOCKDATA (id, first_name, last_name, email) values (513, 'Julianne', 'Tiffney', 'jtiffneye8@aboutads.info');
insert into MOCKDATA (id, first_name, last_name, email) values (514, 'Kikelia', 'Whitcomb', 'kwhitcombe9@alexa.com');
insert into MOCKDATA (id, first_name, last_name, email) values (515, 'Ailey', 'Archanbault', 'aarchanbaultea@shutterfly.com');
insert into MOCKDATA (id, first_name, last_name, email) values (516, 'Vaughan', 'Wilmott', 'vwilmotteb@clickbank.net');
insert into MOCKDATA (id, first_name, last_name, email) values (517, 'Brock', 'Stanlack', 'bstanlackec@webs.com');
insert into MOCKDATA (id, first_name, last_name, email) values (518, 'Rab', 'Carette', 'rcaretteed@nasa.gov');
insert into MOCKDATA (id, first_name, last_name, email) values (519, 'Clare', 'Ribey', 'cribeyee@woothemes.com');
insert into MOCKDATA (id, first_name, last_name, email) values (520, 'Welsh', 'Labes', 'wlabesef@photobucket.com');
insert into MOCKDATA (id, first_name, last_name, email) values (521, 'Maureen', 'Martinolli', 'mmartinollieg@fastcompany.com');
insert into MOCKDATA (id, first_name, last_name, email) values (522, 'Derrek', 'Devitt', 'ddevitteh@lycos.com');
insert into MOCKDATA (id, first_name, last_name, email) values (523, 'Leonie', 'Gever', 'lgeverei@blogger.com');
insert into MOCKDATA (id, first_name, last_name, email) values (524, 'Maxy', 'Braney', 'mbraneyej@japanpost.jp');
insert into MOCKDATA (id, first_name, last_name, email) values (525, 'Leora', 'Philips', 'lphilipsek@live.com');
insert into MOCKDATA (id, first_name, last_name, email) values (526, 'Eugenio', 'Lancley', 'elancleyel@bizjournals.com');
insert into MOCKDATA (id, first_name, last_name, email) values (527, 'Fay', 'Moreno', 'fmorenoem@hhs.gov');
insert into MOCKDATA (id, first_name, last_name, email) values (528, 'Charo', 'Aymer', 'caymeren@wordpress.org');
insert into MOCKDATA (id, first_name, last_name, email) values (529, 'Phebe', 'Kryszkiecicz', 'pkryszkieciczeo@imageshack.us');
insert into MOCKDATA (id, first_name, last_name, email) values (530, 'Findlay', 'Leyban', 'fleybanep@java.com');
insert into MOCKDATA (id, first_name, last_name, email) values (531, 'Pierce', 'Fellowes', 'pfelloweseq@youtu.be');
insert into MOCKDATA (id, first_name, last_name, email) values (532, 'Conrade', 'Pluthero', 'cplutheroer@people.com.cn');
insert into MOCKDATA (id, first_name, last_name, email) values (533, 'Corey', 'Measures', 'cmeasureses@deviantart.com');
insert into MOCKDATA (id, first_name, last_name, email) values (534, 'Allister', 'Meneyer', 'ameneyeret@japanpost.jp');
insert into MOCKDATA (id, first_name, last_name, email) values (535, 'Ruperto', 'Balsdon', 'rbalsdoneu@weather.com');
insert into MOCKDATA (id, first_name, last_name, email) values (536, 'Ambur', 'Strivens', 'astrivensev@desdev.cn');
insert into MOCKDATA (id, first_name, last_name, email) values (537, 'Inge', 'Gorusso', 'igorussoew@merriam-webster.com');
insert into MOCKDATA (id, first_name, last_name, email) values (538, 'Farra', 'Leate', 'fleateex@privacy.gov.au');
insert into MOCKDATA (id, first_name, last_name, email) values (539, 'Coleman', 'Bissatt', 'cbissattey@google.com');
insert into MOCKDATA (id, first_name, last_name, email) values (540, 'Cordey', 'Furniss', 'cfurnissez@ftc.gov');
insert into MOCKDATA (id, first_name, last_name, email) values (541, 'Pryce', 'Stamps', 'pstampsf0@gizmodo.com');
insert into MOCKDATA (id, first_name, last_name, email) values (542, 'Katya', 'Minguet', 'kminguetf1@microsoft.com');
insert into MOCKDATA (id, first_name, last_name, email) values (543, 'Kelsey', 'Scurrah', 'kscurrahf2@dmoz.org');
insert into MOCKDATA (id, first_name, last_name, email) values (544, 'Noell', 'Simonyi', 'nsimonyif3@soup.io');
insert into MOCKDATA (id, first_name, last_name, email) values (545, 'Thorsten', 'Comizzoli', 'tcomizzolif4@bbc.co.uk');
insert into MOCKDATA (id, first_name, last_name, email) values (546, 'Dalston', 'Pollitt', 'dpollittf5@nba.com');
insert into MOCKDATA (id, first_name, last_name, email) values (547, 'Vitia', 'Dafforne', 'vdaffornef6@yolasite.com');
insert into MOCKDATA (id, first_name, last_name, email) values (548, 'Terra', 'Davson', 'tdavsonf7@wired.com');
insert into MOCKDATA (id, first_name, last_name, email) values (549, 'Flin', 'Blackwood', 'fblackwoodf8@gmpg.org');
insert into MOCKDATA (id, first_name, last_name, email) values (550, 'Kelila', 'Bryer', 'kbryerf9@blog.com');
insert into MOCKDATA (id, first_name, last_name, email) values (551, 'Kalle', 'Proschke', 'kproschkefa@cyberchimps.com');
insert into MOCKDATA (id, first_name, last_name, email) values (552, 'Rhona', 'Sharples', 'rsharplesfb@google.com.br');
insert into MOCKDATA (id, first_name, last_name, email) values (553, 'Gracie', 'Digginson', 'gdigginsonfc@delicious.com');
insert into MOCKDATA (id, first_name, last_name, email) values (554, 'Blanca', 'Abisetti', 'babisettifd@independent.co.uk');
insert into MOCKDATA (id, first_name, last_name, email) values (555, 'Diannne', 'Dunkley', 'ddunkleyfe@columbia.edu');
insert into MOCKDATA (id, first_name, last_name, email) values (556, 'Mackenzie', 'Dykins', 'mdykinsff@cdbaby.com');
insert into MOCKDATA (id, first_name, last_name, email) values (557, 'Rora', 'Jubert', 'rjubertfg@edublogs.org');
insert into MOCKDATA (id, first_name, last_name, email) values (558, 'Morey', 'Meadows', 'mmeadowsfh@yelp.com');
insert into MOCKDATA (id, first_name, last_name, email) values (559, 'Robert', 'Clamp', 'rclampfi@slideshare.net');
insert into MOCKDATA (id, first_name, last_name, email) values (560, 'Marianna', 'Stebbings', 'mstebbingsfj@github.io');
insert into MOCKDATA (id, first_name, last_name, email) values (561, 'Claudette', 'Callum', 'ccallumfk@weebly.com');
insert into MOCKDATA (id, first_name, last_name, email) values (562, 'Raychel', 'Leathley', 'rleathleyfl@weebly.com');
insert into MOCKDATA (id, first_name, last_name, email) values (563, 'Jolynn', 'Meran', 'jmeranfm@csmonitor.com');
insert into MOCKDATA (id, first_name, last_name, email) values (564, 'Luis', 'Lansdale', 'llansdalefn@topsy.com');
insert into MOCKDATA (id, first_name, last_name, email) values (565, 'Barde', 'Feronet', 'bferonetfo@arstechnica.com');
insert into MOCKDATA (id, first_name, last_name, email) values (566, 'Tomkin', 'Osment', 'tosmentfp@istockphoto.com');
insert into MOCKDATA (id, first_name, last_name, email) values (567, 'Alyosha', 'Goodley', 'agoodleyfq@51.la');
insert into MOCKDATA (id, first_name, last_name, email) values (568, 'Murial', 'Bubbear', 'mbubbearfr@amazon.co.jp');
insert into MOCKDATA (id, first_name, last_name, email) values (569, 'Glenna', 'Statersfield', 'gstatersfieldfs@businessinsider.com');
insert into MOCKDATA (id, first_name, last_name, email) values (570, 'Fay', 'Alkins', 'falkinsft@soup.io');
insert into MOCKDATA (id, first_name, last_name, email) values (571, 'Vladamir', 'Hackey', 'vhackeyfu@baidu.com');
insert into MOCKDATA (id, first_name, last_name, email) values (572, 'Burk', 'Wiles', 'bwilesfv@deviantart.com');
insert into MOCKDATA (id, first_name, last_name, email) values (573, 'Jane', 'Fidal', 'jfidalfw@prlog.org');
insert into MOCKDATA (id, first_name, last_name, email) values (574, 'Isiahi', 'Lafee', 'ilafeefx@google.com');
insert into MOCKDATA (id, first_name, last_name, email) values (575, 'Leonanie', 'Phifer', 'lphiferfy@liveinternet.ru');
insert into MOCKDATA (id, first_name, last_name, email) values (576, 'Doug', 'Wasiel', 'dwasielfz@wsj.com');
insert into MOCKDATA (id, first_name, last_name, email) values (577, 'Bern', 'Robinette', 'brobinetteg0@hhs.gov');
insert into MOCKDATA (id, first_name, last_name, email) values (578, 'Tierney', 'McElvogue', 'tmcelvogueg1@businesswire.com');
insert into MOCKDATA (id, first_name, last_name, email) values (579, 'Benoit', 'Bowmaker', 'bbowmakerg2@angelfire.com');
insert into MOCKDATA (id, first_name, last_name, email) values (580, 'Kayle', 'Alway', 'kalwayg3@com.com');
insert into MOCKDATA (id, first_name, last_name, email) values (581, 'Beverlie', 'Sargeant', 'bsargeantg4@ucoz.com');
insert into MOCKDATA (id, first_name, last_name, email) values (582, 'Mirelle', 'Sucre', 'msucreg5@theguardian.com');
insert into MOCKDATA (id, first_name, last_name, email) values (583, 'Neale', 'Lascelles', 'nlascellesg6@cornell.edu');
insert into MOCKDATA (id, first_name, last_name, email) values (584, 'Auroora', 'Skahill', 'askahillg7@com.com');
insert into MOCKDATA (id, first_name, last_name, email) values (585, 'Jae', 'Skentelbury', 'jskentelburyg8@wix.com');
insert into MOCKDATA (id, first_name, last_name, email) values (586, 'Lorita', 'Bramont', 'lbramontg9@clickbank.net');
insert into MOCKDATA (id, first_name, last_name, email) values (587, 'Shanna', 'Defew', 'sdefewga@nytimes.com');
insert into MOCKDATA (id, first_name, last_name, email) values (588, 'Bear', 'Harse', 'bharsegb@prnewswire.com');
insert into MOCKDATA (id, first_name, last_name, email) values (589, 'Josepha', 'Fuke', 'jfukegc@bing.com');
insert into MOCKDATA (id, first_name, last_name, email) values (590, 'Webster', 'Kynaston', 'wkynastongd@timesonline.co.uk');
insert into MOCKDATA (id, first_name, last_name, email) values (591, 'Muffin', 'Neal', 'mnealge@t.co');
insert into MOCKDATA (id, first_name, last_name, email) values (592, 'Cammy', 'Dibbert', 'cdibbertgf@gnu.org');
insert into MOCKDATA (id, first_name, last_name, email) values (593, 'Reece', 'Carik', 'rcarikgg@newyorker.com');
insert into MOCKDATA (id, first_name, last_name, email) values (594, 'Edithe', 'Cloughton', 'ecloughtongh@com.com');
insert into MOCKDATA (id, first_name, last_name, email) values (595, 'Brendan', 'Coggell', 'bcoggellgi@amazonaws.com');
insert into MOCKDATA (id, first_name, last_name, email) values (596, 'Staford', 'Gasken', 'sgaskengj@bravesites.com');
insert into MOCKDATA (id, first_name, last_name, email) values (597, 'Ellswerth', 'Munson', 'emunsongk@unblog.fr');
insert into MOCKDATA (id, first_name, last_name, email) values (598, 'Richmond', 'Minghi', 'rminghigl@cpanel.net');
insert into MOCKDATA (id, first_name, last_name, email) values (599, 'Monika', 'Postill', 'mpostillgm@bandcamp.com');
insert into MOCKDATA (id, first_name, last_name, email) values (600, 'Maurie', 'Allonby', 'mallonbygn@ifeng.com');
insert into MOCKDATA (id, first_name, last_name, email) values (601, 'Rois', 'Revance', 'rrevancego@altervista.org');
insert into MOCKDATA (id, first_name, last_name, email) values (602, 'Norine', 'Koenraad', 'nkoenraadgp@usnews.com');
insert into MOCKDATA (id, first_name, last_name, email) values (603, 'Tonia', 'Olyet', 'tolyetgq@angelfire.com');
insert into MOCKDATA (id, first_name, last_name, email) values (604, 'Silva', 'Briddle', 'sbriddlegr@bravesites.com');
insert into MOCKDATA (id, first_name, last_name, email) values (605, 'Hanny', 'Donne', 'hdonnegs@nba.com');
insert into MOCKDATA (id, first_name, last_name, email) values (606, 'Emmott', 'McKevitt', 'emckevittgt@furl.net');
insert into MOCKDATA (id, first_name, last_name, email) values (607, 'Tiffie', 'Arnaldo', 'tarnaldogu@harvard.edu');
insert into MOCKDATA (id, first_name, last_name, email) values (608, 'Nickola', 'Kanter', 'nkantergv@jugem.jp');
insert into MOCKDATA (id, first_name, last_name, email) values (609, 'Marcella', 'Bale', 'mbalegw@trellian.com');
insert into MOCKDATA (id, first_name, last_name, email) values (610, 'Bryn', 'Curzey', 'bcurzeygx@de.vu');
insert into MOCKDATA (id, first_name, last_name, email) values (611, 'Cayla', 'Faulconer', 'cfaulconergy@yellowbook.com');
insert into MOCKDATA (id, first_name, last_name, email) values (612, 'Ives', 'Loughran', 'iloughrangz@paginegialle.it');
insert into MOCKDATA (id, first_name, last_name, email) values (613, 'Patty', 'Dixsee', 'pdixseeh0@uiuc.edu');
insert into MOCKDATA (id, first_name, last_name, email) values (614, 'Ettore', 'Keatley', 'ekeatleyh1@usa.gov');
insert into MOCKDATA (id, first_name, last_name, email) values (615, 'Dorothy', 'Hartfield', 'dhartfieldh2@rakuten.co.jp');
insert into MOCKDATA (id, first_name, last_name, email) values (616, 'Averil', 'Fugere', 'afugereh3@edublogs.org');
insert into MOCKDATA (id, first_name, last_name, email) values (617, 'Aveline', 'Baert', 'abaerth4@answers.com');
insert into MOCKDATA (id, first_name, last_name, email) values (618, 'Aguie', 'Degoey', 'adegoeyh5@virginia.edu');
insert into MOCKDATA (id, first_name, last_name, email) values (619, 'Saw', 'Bourget', 'sbourgeth6@scientificamerican.com');
insert into MOCKDATA (id, first_name, last_name, email) values (620, 'Kristal', 'Scheffler', 'kschefflerh7@tamu.edu');
insert into MOCKDATA (id, first_name, last_name, email) values (621, 'Jasmina', 'Lyne', 'jlyneh8@sbwire.com');
insert into MOCKDATA (id, first_name, last_name, email) values (622, 'Antony', 'Poytress', 'apoytressh9@sfgate.com');
insert into MOCKDATA (id, first_name, last_name, email) values (623, 'Pauly', 'Castelow', 'pcastelowha@columbia.edu');
insert into MOCKDATA (id, first_name, last_name, email) values (624, 'Pincus', 'Jiran', 'pjiranhb@cdbaby.com');
insert into MOCKDATA (id, first_name, last_name, email) values (625, 'Loren', 'Haselgrove', 'lhaselgrovehc@simplemachines.org');
insert into MOCKDATA (id, first_name, last_name, email) values (626, 'Constancy', 'Muckart', 'cmuckarthd@chronoengine.com');
insert into MOCKDATA (id, first_name, last_name, email) values (627, 'Boris', 'Cuthill', 'bcuthillhe@nifty.com');
insert into MOCKDATA (id, first_name, last_name, email) values (628, 'Nedda', 'Edelheit', 'nedelheithf@ebay.co.uk');
insert into MOCKDATA (id, first_name, last_name, email) values (629, 'Gwenora', 'Hackney', 'ghackneyhg@artisteer.com');
insert into MOCKDATA (id, first_name, last_name, email) values (630, 'Gratia', 'Gregoli', 'ggregolihh@surveymonkey.com');
insert into MOCKDATA (id, first_name, last_name, email) values (631, 'Goldina', 'De Giorgis', 'gdegiorgishi@globo.com');
insert into MOCKDATA (id, first_name, last_name, email) values (632, 'Vanna', 'Percy', 'vpercyhj@netscape.com');
insert into MOCKDATA (id, first_name, last_name, email) values (633, 'Helen', 'Phin', 'hphinhk@pen.io');
insert into MOCKDATA (id, first_name, last_name, email) values (634, 'Lurette', 'Fowlestone', 'lfowlestonehl@umn.edu');
insert into MOCKDATA (id, first_name, last_name, email) values (635, 'Sindee', 'Durbann', 'sdurbannhm@spiegel.de');
insert into MOCKDATA (id, first_name, last_name, email) values (636, 'Royal', 'Brimfield', 'rbrimfieldhn@uol.com.br');
insert into MOCKDATA (id, first_name, last_name, email) values (637, 'Royall', 'Balle', 'rballeho@slashdot.org');
insert into MOCKDATA (id, first_name, last_name, email) values (638, 'Bevvy', 'Dwane', 'bdwanehp@auda.org.au');
insert into MOCKDATA (id, first_name, last_name, email) values (639, 'Perl', 'Parmiter', 'pparmiterhq@google.com.hk');
insert into MOCKDATA (id, first_name, last_name, email) values (640, 'Karel', 'Daveran', 'kdaveranhr@businessweek.com');
insert into MOCKDATA (id, first_name, last_name, email) values (641, 'Dora', 'St. Pierre', 'dstpierrehs@cbsnews.com');
insert into MOCKDATA (id, first_name, last_name, email) values (642, 'Brittne', 'Soro', 'bsoroht@nbcnews.com');
insert into MOCKDATA (id, first_name, last_name, email) values (643, 'Rolph', 'Duigenan', 'rduigenanhu@yandex.ru');
insert into MOCKDATA (id, first_name, last_name, email) values (644, 'Minerva', 'Bunnell', 'mbunnellhv@independent.co.uk');
insert into MOCKDATA (id, first_name, last_name, email) values (645, 'Francois', 'Gaiter', 'fgaiterhw@washington.edu');
insert into MOCKDATA (id, first_name, last_name, email) values (646, 'Pierette', 'Puddephatt', 'ppuddephatthx@etsy.com');
insert into MOCKDATA (id, first_name, last_name, email) values (647, 'Melodie', 'Kettle', 'mkettlehy@webs.com');
insert into MOCKDATA (id, first_name, last_name, email) values (648, 'Lita', 'Kundert', 'lkunderthz@chron.com');
insert into MOCKDATA (id, first_name, last_name, email) values (649, 'Cross', 'Wind', 'cwindi0@soundcloud.com');
insert into MOCKDATA (id, first_name, last_name, email) values (650, 'Eolanda', 'Bowden', 'ebowdeni1@aol.com');
insert into MOCKDATA (id, first_name, last_name, email) values (651, 'Sibeal', 'Chisolm', 'schisolmi2@techcrunch.com');
insert into MOCKDATA (id, first_name, last_name, email) values (652, 'Sherill', 'Memmory', 'smemmoryi3@omniture.com');
insert into MOCKDATA (id, first_name, last_name, email) values (653, 'Katy', 'Francescone', 'kfrancesconei4@bandcamp.com');
insert into MOCKDATA (id, first_name, last_name, email) values (654, 'Phineas', 'Jeffcoat', 'pjeffcoati5@answers.com');
insert into MOCKDATA (id, first_name, last_name, email) values (655, 'Carlotta', 'Tessyman', 'ctessymani6@china.com.cn');
insert into MOCKDATA (id, first_name, last_name, email) values (656, 'Marris', 'O''Reagan', 'moreagani7@wikipedia.org');
insert into MOCKDATA (id, first_name, last_name, email) values (657, 'Antoine', 'Domnin', 'adomnini8@ted.com');
insert into MOCKDATA (id, first_name, last_name, email) values (658, 'Derek', 'Stilgo', 'dstilgoi9@topsy.com');
insert into MOCKDATA (id, first_name, last_name, email) values (659, 'Margeaux', 'Swane', 'mswaneia@imageshack.us');
insert into MOCKDATA (id, first_name, last_name, email) values (660, 'Liam', 'Grimmett', 'lgrimmettib@friendfeed.com');
insert into MOCKDATA (id, first_name, last_name, email) values (661, 'Merry', 'Birney', 'mbirneyic@i2i.jp');
insert into MOCKDATA (id, first_name, last_name, email) values (662, 'Heidie', 'Broadley', 'hbroadleyid@mozilla.com');
insert into MOCKDATA (id, first_name, last_name, email) values (663, 'Drud', 'Kellough', 'dkelloughie@dot.gov');
insert into MOCKDATA (id, first_name, last_name, email) values (664, 'Talia', 'Propper', 'tpropperif@devhub.com');
insert into MOCKDATA (id, first_name, last_name, email) values (665, 'Pearle', 'Shelmardine', 'pshelmardineig@pagesperso-orange.fr');
insert into MOCKDATA (id, first_name, last_name, email) values (666, 'Magdalen', 'Pentelow', 'mpentelowih@istockphoto.com');
insert into MOCKDATA (id, first_name, last_name, email) values (667, 'Morly', 'Firby', 'mfirbyii@nydailynews.com');
insert into MOCKDATA (id, first_name, last_name, email) values (668, 'Ragnar', 'Mustin', 'rmustinij@bloglines.com');
insert into MOCKDATA (id, first_name, last_name, email) values (669, 'Shamus', 'Burfield', 'sburfieldik@webs.com');
insert into MOCKDATA (id, first_name, last_name, email) values (670, 'Von', 'Cushelly', 'vcushellyil@soundcloud.com');
insert into MOCKDATA (id, first_name, last_name, email) values (671, 'Jdavie', 'Adiscot', 'jadiscotim@ted.com');
insert into MOCKDATA (id, first_name, last_name, email) values (672, 'Grayce', 'Upham', 'guphamin@twitter.com');
insert into MOCKDATA (id, first_name, last_name, email) values (673, 'Trstram', 'Veldstra', 'tveldstraio@unesco.org');
insert into MOCKDATA (id, first_name, last_name, email) values (674, 'Fields', 'Rosenbloom', 'frosenbloomip@plala.or.jp');
insert into MOCKDATA (id, first_name, last_name, email) values (675, 'Iris', 'Real', 'irealiq@slate.com');
insert into MOCKDATA (id, first_name, last_name, email) values (676, 'Noland', 'Lacrouts', 'nlacroutsir@chicagotribune.com');
insert into MOCKDATA (id, first_name, last_name, email) values (677, 'Andrey', 'Mechem', 'amechemis@cdbaby.com');
insert into MOCKDATA (id, first_name, last_name, email) values (678, 'Alena', 'Crosbie', 'acrosbieit@cyberchimps.com');
insert into MOCKDATA (id, first_name, last_name, email) values (679, 'Percy', 'Faichney', 'pfaichneyiu@disqus.com');
insert into MOCKDATA (id, first_name, last_name, email) values (680, 'Waylen', 'Ranklin', 'wrankliniv@go.com');
insert into MOCKDATA (id, first_name, last_name, email) values (681, 'Elonore', 'Drysdell', 'edrysdelliw@miitbeian.gov.cn');
insert into MOCKDATA (id, first_name, last_name, email) values (682, 'Jourdan', 'Grosvener', 'jgrosvenerix@discuz.net');
insert into MOCKDATA (id, first_name, last_name, email) values (683, 'Weylin', 'O''Mohun', 'womohuniy@census.gov');
insert into MOCKDATA (id, first_name, last_name, email) values (684, 'Harv', 'McAllan', 'hmcallaniz@discovery.com');
insert into MOCKDATA (id, first_name, last_name, email) values (685, 'Evania', 'Tutill', 'etutillj0@taobao.com');
insert into MOCKDATA (id, first_name, last_name, email) values (686, 'Dionne', 'Nice', 'dnicej1@slate.com');
insert into MOCKDATA (id, first_name, last_name, email) values (687, 'Ellie', 'McVee', 'emcveej2@addtoany.com');
insert into MOCKDATA (id, first_name, last_name, email) values (688, 'Devora', 'Dincey', 'ddinceyj3@e-recht24.de');
insert into MOCKDATA (id, first_name, last_name, email) values (689, 'Gustavus', 'Greetland', 'ggreetlandj4@weather.com');
insert into MOCKDATA (id, first_name, last_name, email) values (690, 'Jarib', 'Sprules', 'jsprulesj5@tamu.edu');
insert into MOCKDATA (id, first_name, last_name, email) values (691, 'Margeaux', 'Dell', 'mdellj6@reverbnation.com');
insert into MOCKDATA (id, first_name, last_name, email) values (692, 'Amby', 'Kremer', 'akremerj7@umich.edu');
insert into MOCKDATA (id, first_name, last_name, email) values (693, 'Cobbie', 'Firmin', 'cfirminj8@lycos.com');
insert into MOCKDATA (id, first_name, last_name, email) values (694, 'Shannon', 'Carp', 'scarpj9@tumblr.com');
insert into MOCKDATA (id, first_name, last_name, email) values (695, 'Bevin', 'Pagett', 'bpagettja@meetup.com');
insert into MOCKDATA (id, first_name, last_name, email) values (696, 'Ailee', 'Featherston', 'afeatherstonjb@discuz.net');
insert into MOCKDATA (id, first_name, last_name, email) values (697, 'Lina', 'Kless', 'lklessjc@yolasite.com');
insert into MOCKDATA (id, first_name, last_name, email) values (698, 'Matti', 'Gauntlett', 'mgauntlettjd@hc360.com');
insert into MOCKDATA (id, first_name, last_name, email) values (699, 'Eydie', 'Laphorn', 'elaphornje@phoca.cz');
insert into MOCKDATA (id, first_name, last_name, email) values (700, 'Susanetta', 'Attkins', 'sattkinsjf@hibu.com');
insert into MOCKDATA (id, first_name, last_name, email) values (701, 'Bobine', 'Gemnett', 'bgemnettjg@bravesites.com');
insert into MOCKDATA (id, first_name, last_name, email) values (702, 'Odey', 'Pfiffer', 'opfifferjh@arstechnica.com');
insert into MOCKDATA (id, first_name, last_name, email) values (703, 'Dodie', 'Amoore', 'damooreji@furl.net');
insert into MOCKDATA (id, first_name, last_name, email) values (704, 'Jules', 'Tummasutti', 'jtummasuttijj@a8.net');
insert into MOCKDATA (id, first_name, last_name, email) values (705, 'Courtenay', 'Bartolomucci', 'cbartolomuccijk@engadget.com');
insert into MOCKDATA (id, first_name, last_name, email) values (706, 'Farris', 'Skellern', 'fskellernjl@creativecommons.org');
insert into MOCKDATA (id, first_name, last_name, email) values (707, 'Odey', 'Goude', 'ogoudejm@epa.gov');
insert into MOCKDATA (id, first_name, last_name, email) values (708, 'Siegfried', 'Ridesdale', 'sridesdalejn@slideshare.net');
insert into MOCKDATA (id, first_name, last_name, email) values (709, 'Raul', 'Ferrelli', 'rferrellijo@deviantart.com');
insert into MOCKDATA (id, first_name, last_name, email) values (710, 'Beltran', 'Warnes', 'bwarnesjp@accuweather.com');
insert into MOCKDATA (id, first_name, last_name, email) values (711, 'Chiquita', 'Leynagh', 'cleynaghjq@parallels.com');
insert into MOCKDATA (id, first_name, last_name, email) values (712, 'Pia', 'Whitmore', 'pwhitmorejr@bbc.co.uk');
insert into MOCKDATA (id, first_name, last_name, email) values (713, 'Leland', 'McDoual', 'lmcdoualjs@npr.org');
insert into MOCKDATA (id, first_name, last_name, email) values (714, 'Elnora', 'Castiglio', 'ecastigliojt@chronoengine.com');
insert into MOCKDATA (id, first_name, last_name, email) values (715, 'Goddart', 'O''Lahy', 'golahyju@paypal.com');
insert into MOCKDATA (id, first_name, last_name, email) values (716, 'Tabatha', 'Garn', 'tgarnjv@squidoo.com');
insert into MOCKDATA (id, first_name, last_name, email) values (717, 'Ezra', 'Hindsberg', 'ehindsbergjw@nyu.edu');
insert into MOCKDATA (id, first_name, last_name, email) values (718, 'Kin', 'O''Kane', 'kokanejx@cocolog-nifty.com');
insert into MOCKDATA (id, first_name, last_name, email) values (719, 'Giavani', 'Reary', 'grearyjy@sitemeter.com');
insert into MOCKDATA (id, first_name, last_name, email) values (720, 'Jordon', 'Nazair', 'jnazairjz@blogs.com');
insert into MOCKDATA (id, first_name, last_name, email) values (721, 'Myrvyn', 'Keher', 'mkeherk0@qq.com');
insert into MOCKDATA (id, first_name, last_name, email) values (722, 'Lynnet', 'Brigg', 'lbriggk1@soup.io');
insert into MOCKDATA (id, first_name, last_name, email) values (723, 'Muffin', 'Sallan', 'msallank2@hao123.com');
insert into MOCKDATA (id, first_name, last_name, email) values (724, 'Jared', 'Geratt', 'jgerattk3@engadget.com');
insert into MOCKDATA (id, first_name, last_name, email) values (725, 'Jaime', 'Kienl', 'jkienlk4@webs.com');
insert into MOCKDATA (id, first_name, last_name, email) values (726, 'Kameko', 'Ramsier', 'kramsierk5@pbs.org');
insert into MOCKDATA (id, first_name, last_name, email) values (727, 'Noreen', 'Coll', 'ncollk6@ning.com');
insert into MOCKDATA (id, first_name, last_name, email) values (728, 'Clim', 'Sarl', 'csarlk7@mayoclinic.com');
insert into MOCKDATA (id, first_name, last_name, email) values (729, 'Percival', 'Singh', 'psinghk8@hhs.gov');
insert into MOCKDATA (id, first_name, last_name, email) values (730, 'Cristin', 'Gresham', 'cgreshamk9@geocities.com');
insert into MOCKDATA (id, first_name, last_name, email) values (731, 'Aluin', 'Mosdall', 'amosdallka@photobucket.com');
insert into MOCKDATA (id, first_name, last_name, email) values (732, 'Stephannie', 'McRorie', 'smcroriekb@netscape.com');
insert into MOCKDATA (id, first_name, last_name, email) values (733, 'Benny', 'O''Sheils', 'bosheilskc@harvard.edu');
insert into MOCKDATA (id, first_name, last_name, email) values (734, 'Walden', 'Knapman', 'wknapmankd@elpais.com');
insert into MOCKDATA (id, first_name, last_name, email) values (735, 'Elene', 'Christall', 'echristallke@mozilla.com');
insert into MOCKDATA (id, first_name, last_name, email) values (736, 'Duffy', 'Standen', 'dstandenkf@bloglines.com');
insert into MOCKDATA (id, first_name, last_name, email) values (737, 'Birgit', 'Grimsditch', 'bgrimsditchkg@patch.com');
insert into MOCKDATA (id, first_name, last_name, email) values (738, 'Karin', 'Asprey', 'kaspreykh@163.com');
insert into MOCKDATA (id, first_name, last_name, email) values (739, 'Jamesy', 'Oolahan', 'joolahanki@census.gov');
insert into MOCKDATA (id, first_name, last_name, email) values (740, 'Tibold', 'Behrens', 'tbehrenskj@feedburner.com');
insert into MOCKDATA (id, first_name, last_name, email) values (741, 'Adey', 'Gozney', 'agozneykk@fastcompany.com');
insert into MOCKDATA (id, first_name, last_name, email) values (742, 'Nat', 'Grigolashvill', 'ngrigolashvillkl@blogtalkradio.com');
insert into MOCKDATA (id, first_name, last_name, email) values (743, 'Norrie', 'Feighry', 'nfeighrykm@dailymotion.com');
insert into MOCKDATA (id, first_name, last_name, email) values (744, 'Kipp', 'Quail', 'kquailkn@amazon.com');
insert into MOCKDATA (id, first_name, last_name, email) values (745, 'Leanna', 'Philipot', 'lphilipotko@shareasale.com');
insert into MOCKDATA (id, first_name, last_name, email) values (746, 'Levey', 'Father', 'lfatherkp@ifeng.com');
insert into MOCKDATA (id, first_name, last_name, email) values (747, 'Winifred', 'Liddle', 'wliddlekq@prweb.com');
insert into MOCKDATA (id, first_name, last_name, email) values (748, 'Lowe', 'Fairclough', 'lfaircloughkr@ftc.gov');
insert into MOCKDATA (id, first_name, last_name, email) values (749, 'Alvan', 'Rapson', 'arapsonks@surveymonkey.com');
insert into MOCKDATA (id, first_name, last_name, email) values (750, 'Cindra', 'Ceccoli', 'cceccolikt@about.me');
insert into MOCKDATA (id, first_name, last_name, email) values (751, 'Susan', 'Baudry', 'sbaudryku@arstechnica.com');
insert into MOCKDATA (id, first_name, last_name, email) values (752, 'Alis', 'Shimony', 'ashimonykv@phoca.cz');
insert into MOCKDATA (id, first_name, last_name, email) values (753, 'Jayme', 'Goshawk', 'jgoshawkkw@devhub.com');
insert into MOCKDATA (id, first_name, last_name, email) values (754, 'Suzann', 'Gimenez', 'sgimenezkx@nifty.com');
insert into MOCKDATA (id, first_name, last_name, email) values (755, 'Jermain', 'Dinan', 'jdinanky@wikimedia.org');
insert into MOCKDATA (id, first_name, last_name, email) values (756, 'Rebbecca', 'Ewing', 'rewingkz@taobao.com');
insert into MOCKDATA (id, first_name, last_name, email) values (757, 'Claudian', 'Exter', 'cexterl0@altervista.org');
insert into MOCKDATA (id, first_name, last_name, email) values (758, 'Osborne', 'Botley', 'obotleyl1@elpais.com');
insert into MOCKDATA (id, first_name, last_name, email) values (759, 'Jdavie', 'Balfe', 'jbalfel2@columbia.edu');
insert into MOCKDATA (id, first_name, last_name, email) values (760, 'Prissie', 'Seton', 'psetonl3@nyu.edu');
insert into MOCKDATA (id, first_name, last_name, email) values (761, 'Georgie', 'Capstaff', 'gcapstaffl4@free.fr');
insert into MOCKDATA (id, first_name, last_name, email) values (762, 'Nina', 'Dawton', 'ndawtonl5@webnode.com');
insert into MOCKDATA (id, first_name, last_name, email) values (763, 'Loni', 'Seivertsen', 'lseivertsenl6@wix.com');
insert into MOCKDATA (id, first_name, last_name, email) values (764, 'Jammie', 'Gorce', 'jgorcel7@wordpress.com');
insert into MOCKDATA (id, first_name, last_name, email) values (765, 'Nealson', 'Andersen', 'nandersenl8@t-online.de');
insert into MOCKDATA (id, first_name, last_name, email) values (766, 'Ralph', 'Jedrys', 'rjedrysl9@w3.org');
insert into MOCKDATA (id, first_name, last_name, email) values (767, 'Sherry', 'Branno', 'sbrannola@merriam-webster.com');
insert into MOCKDATA (id, first_name, last_name, email) values (768, 'Fonz', 'Brecon', 'fbreconlb@jimdo.com');
insert into MOCKDATA (id, first_name, last_name, email) values (769, 'Tomi', 'Bodycomb', 'tbodycomblc@networkadvertising.org');
insert into MOCKDATA (id, first_name, last_name, email) values (770, 'Susy', 'Prendiville', 'sprendivilleld@howstuffworks.com');
insert into MOCKDATA (id, first_name, last_name, email) values (771, 'Kathye', 'Gurden', 'kgurdenle@ycombinator.com');
insert into MOCKDATA (id, first_name, last_name, email) values (772, 'Roldan', 'McInnery', 'rmcinnerylf@cnet.com');
insert into MOCKDATA (id, first_name, last_name, email) values (773, 'Zaria', 'Mishow', 'zmishowlg@webmd.com');
insert into MOCKDATA (id, first_name, last_name, email) values (774, 'Meredith', 'Telford', 'mtelfordlh@redcross.org');
insert into MOCKDATA (id, first_name, last_name, email) values (775, 'Tamar', 'Felder', 'tfelderli@blogger.com');
insert into MOCKDATA (id, first_name, last_name, email) values (776, 'Kyle', 'Blaker', 'kblakerlj@simplemachines.org');
insert into MOCKDATA (id, first_name, last_name, email) values (777, 'Shawna', 'Birrell', 'sbirrelllk@smh.com.au');
insert into MOCKDATA (id, first_name, last_name, email) values (778, 'Nicki', 'Tudball', 'ntudballll@artisteer.com');
insert into MOCKDATA (id, first_name, last_name, email) values (779, 'Monika', 'Bagnold', 'mbagnoldlm@biglobe.ne.jp');
insert into MOCKDATA (id, first_name, last_name, email) values (780, 'Jenilee', 'Orum', 'jorumln@vistaprint.com');
insert into MOCKDATA (id, first_name, last_name, email) values (781, 'Mufi', 'Stukings', 'mstukingslo@google.com.br');
insert into MOCKDATA (id, first_name, last_name, email) values (782, 'Isak', 'Cray', 'icraylp@rakuten.co.jp');
insert into MOCKDATA (id, first_name, last_name, email) values (783, 'Abbi', 'Manis', 'amanislq@huffingtonpost.com');
insert into MOCKDATA (id, first_name, last_name, email) values (784, 'Gamaliel', 'Gaffer', 'ggafferlr@godaddy.com');
insert into MOCKDATA (id, first_name, last_name, email) values (785, 'Sylvester', 'Thorley', 'sthorleyls@opera.com');
insert into MOCKDATA (id, first_name, last_name, email) values (786, 'Lexy', 'Sutterfield', 'lsutterfieldlt@acquirethisname.com');
insert into MOCKDATA (id, first_name, last_name, email) values (787, 'Hendrik', 'Volonte', 'hvolontelu@purevolume.com');
insert into MOCKDATA (id, first_name, last_name, email) values (788, 'Milton', 'Anger', 'mangerlv@samsung.com');
insert into MOCKDATA (id, first_name, last_name, email) values (789, 'Kristofer', 'Glassborow', 'kglassborowlw@weather.com');
insert into MOCKDATA (id, first_name, last_name, email) values (790, 'Valentia', 'Yair', 'vyairlx@irs.gov');
insert into MOCKDATA (id, first_name, last_name, email) values (791, 'Stevy', 'Proger', 'sprogerly@taobao.com');
insert into MOCKDATA (id, first_name, last_name, email) values (792, 'Nessy', 'Pye', 'npyelz@tumblr.com');
insert into MOCKDATA (id, first_name, last_name, email) values (793, 'Karie', 'Scapens', 'kscapensm0@tmall.com');
insert into MOCKDATA (id, first_name, last_name, email) values (794, 'Mart', 'Sprosson', 'msprossonm1@dropbox.com');
insert into MOCKDATA (id, first_name, last_name, email) values (795, 'Morton', 'Doppler', 'mdopplerm2@alibaba.com');
insert into MOCKDATA (id, first_name, last_name, email) values (796, 'Alfred', 'McKeating', 'amckeatingm3@narod.ru');
insert into MOCKDATA (id, first_name, last_name, email) values (797, 'Karlik', 'Aspinal', 'kaspinalm4@pinterest.com');
insert into MOCKDATA (id, first_name, last_name, email) values (798, 'Darrel', 'Lohmeyer', 'dlohmeyerm5@reference.com');
insert into MOCKDATA (id, first_name, last_name, email) values (799, 'Lotti', 'Brogiotti', 'lbrogiottim6@apple.com');
insert into MOCKDATA (id, first_name, last_name, email) values (800, 'Sara', 'Bacop', 'sbacopm7@mysql.com');
insert into MOCKDATA (id, first_name, last_name, email) values (801, 'Brannon', 'Wooder', 'bwooderm8@cbsnews.com');
insert into MOCKDATA (id, first_name, last_name, email) values (802, 'Liva', 'Glaister', 'lglaisterm9@t.co');
insert into MOCKDATA (id, first_name, last_name, email) values (803, 'Quincey', 'McCaskill', 'qmccaskillma@kickstarter.com');
insert into MOCKDATA (id, first_name, last_name, email) values (804, 'Aprilette', 'Sanpere', 'asanperemb@lycos.com');
insert into MOCKDATA (id, first_name, last_name, email) values (805, 'Morrie', 'Cella', 'mcellamc@cdc.gov');
insert into MOCKDATA (id, first_name, last_name, email) values (806, 'Dyann', 'Shakle', 'dshaklemd@msn.com');
insert into MOCKDATA (id, first_name, last_name, email) values (807, 'Samantha', 'Rubinovici', 'srubinovicime@timesonline.co.uk');
insert into MOCKDATA (id, first_name, last_name, email) values (808, 'Felipe', 'Jorin', 'fjorinmf@hexun.com');
insert into MOCKDATA (id, first_name, last_name, email) values (809, 'Nathanael', 'Whyborn', 'nwhybornmg@feedburner.com');
insert into MOCKDATA (id, first_name, last_name, email) values (810, 'Robyn', 'Clemon', 'rclemonmh@e-recht24.de');
insert into MOCKDATA (id, first_name, last_name, email) values (811, 'Anita', 'Barnsdall', 'abarnsdallmi@umich.edu');
insert into MOCKDATA (id, first_name, last_name, email) values (812, 'Carlie', 'Whatman', 'cwhatmanmj@patch.com');
insert into MOCKDATA (id, first_name, last_name, email) values (813, 'Wiley', 'MacKomb', 'wmackombmk@china.com.cn');
insert into MOCKDATA (id, first_name, last_name, email) values (814, 'Ashley', 'Dyball', 'adyballml@jugem.jp');
insert into MOCKDATA (id, first_name, last_name, email) values (815, 'Melva', 'Gilling', 'mgillingmm@unesco.org');
insert into MOCKDATA (id, first_name, last_name, email) values (816, 'Ajay', 'Ausher', 'aaushermn@aboutads.info');
insert into MOCKDATA (id, first_name, last_name, email) values (817, 'Desi', 'Treherne', 'dtrehernemo@creativecommons.org');
insert into MOCKDATA (id, first_name, last_name, email) values (818, 'Aileen', 'Kuzma', 'akuzmamp@freewebs.com');
insert into MOCKDATA (id, first_name, last_name, email) values (819, 'Scottie', 'Bedinham', 'sbedinhammq@newsvine.com');
insert into MOCKDATA (id, first_name, last_name, email) values (820, 'Bunni', 'Pawelski', 'bpawelskimr@biglobe.ne.jp');
insert into MOCKDATA (id, first_name, last_name, email) values (821, 'Angeline', 'Handaside', 'ahandasidems@sfgate.com');
insert into MOCKDATA (id, first_name, last_name, email) values (822, 'Hasheem', 'Aymeric', 'haymericmt@wisc.edu');
insert into MOCKDATA (id, first_name, last_name, email) values (823, 'Amerigo', 'Cosyns', 'acosynsmu@google.fr');
insert into MOCKDATA (id, first_name, last_name, email) values (824, 'Lavina', 'Esbrook', 'lesbrookmv@g.co');
insert into MOCKDATA (id, first_name, last_name, email) values (825, 'Madelin', 'Rollinson', 'mrollinsonmw@examiner.com');
insert into MOCKDATA (id, first_name, last_name, email) values (826, 'Roman', 'Collicott', 'rcollicottmx@ucoz.ru');
insert into MOCKDATA (id, first_name, last_name, email) values (827, 'Toinette', 'Snoddon', 'tsnoddonmy@freewebs.com');
insert into MOCKDATA (id, first_name, last_name, email) values (828, 'Wolfgang', 'Raden', 'wradenmz@mtv.com');
insert into MOCKDATA (id, first_name, last_name, email) values (829, 'Blakelee', 'Kenyon', 'bkenyonn0@gmpg.org');
insert into MOCKDATA (id, first_name, last_name, email) values (830, 'Hilda', 'Lobb', 'hlobbn1@wikipedia.org');
insert into MOCKDATA (id, first_name, last_name, email) values (831, 'Bryant', 'Rosendall', 'brosendalln2@scientificamerican.com');
insert into MOCKDATA (id, first_name, last_name, email) values (832, 'Reggi', 'Benettini', 'rbenettinin3@ebay.co.uk');
insert into MOCKDATA (id, first_name, last_name, email) values (833, 'Conrade', 'Foottit', 'cfoottitn4@cocolog-nifty.com');
insert into MOCKDATA (id, first_name, last_name, email) values (834, 'Jeannette', 'Rubbens', 'jrubbensn5@webs.com');
insert into MOCKDATA (id, first_name, last_name, email) values (835, 'Ethelind', 'Birrane', 'ebirranen6@dyndns.org');
insert into MOCKDATA (id, first_name, last_name, email) values (836, 'Charlton', 'Smillie', 'csmillien7@parallels.com');
insert into MOCKDATA (id, first_name, last_name, email) values (837, 'Eugen', 'Stebbing', 'estebbingn8@ftc.gov');
insert into MOCKDATA (id, first_name, last_name, email) values (838, 'Vonnie', 'Skip', 'vskipn9@cbsnews.com');
insert into MOCKDATA (id, first_name, last_name, email) values (839, 'Claudius', 'Gelling', 'cgellingna@google.fr');
insert into MOCKDATA (id, first_name, last_name, email) values (840, 'Alica', 'Minear', 'aminearnb@jigsy.com');
insert into MOCKDATA (id, first_name, last_name, email) values (841, 'Falkner', 'Tamlett', 'ftamlettnc@plala.or.jp');
insert into MOCKDATA (id, first_name, last_name, email) values (842, 'Minor', 'Avraham', 'mavrahamnd@jalbum.net');
insert into MOCKDATA (id, first_name, last_name, email) values (843, 'Daloris', 'Ahmad', 'dahmadne@sbwire.com');
insert into MOCKDATA (id, first_name, last_name, email) values (844, 'Kay', 'Bradder', 'kbraddernf@4shared.com');
insert into MOCKDATA (id, first_name, last_name, email) values (845, 'Danyette', 'Furst', 'dfurstng@mayoclinic.com');
insert into MOCKDATA (id, first_name, last_name, email) values (846, 'Gaby', 'Lacelett', 'glacelettnh@forbes.com');
insert into MOCKDATA (id, first_name, last_name, email) values (847, 'Anthiathia', 'Lyndon', 'alyndonni@discovery.com');
insert into MOCKDATA (id, first_name, last_name, email) values (848, 'Esdras', 'Cheeke', 'echeekenj@howstuffworks.com');
insert into MOCKDATA (id, first_name, last_name, email) values (849, 'Sharyl', 'Griffey', 'sgriffeynk@networkadvertising.org');
insert into MOCKDATA (id, first_name, last_name, email) values (850, 'Alyosha', 'Kitchin', 'akitchinnl@barnesandnoble.com');
insert into MOCKDATA (id, first_name, last_name, email) values (851, 'Joseph', 'Garbott', 'jgarbottnm@sakura.ne.jp');
insert into MOCKDATA (id, first_name, last_name, email) values (852, 'Andonis', 'Gildea', 'agildeann@cocolog-nifty.com');
insert into MOCKDATA (id, first_name, last_name, email) values (853, 'Tanner', 'Parratt', 'tparrattno@dell.com');
insert into MOCKDATA (id, first_name, last_name, email) values (854, 'Garreth', 'McEwen', 'gmcewennp@mac.com');
insert into MOCKDATA (id, first_name, last_name, email) values (855, 'Gusella', 'Najara', 'gnajaranq@prnewswire.com');
insert into MOCKDATA (id, first_name, last_name, email) values (856, 'Nathanael', 'Cow', 'ncownr@icio.us');
insert into MOCKDATA (id, first_name, last_name, email) values (857, 'Jill', 'Pinnick', 'jpinnickns@netvibes.com');
insert into MOCKDATA (id, first_name, last_name, email) values (858, 'Larissa', 'Geffe', 'lgeffent@redcross.org');
insert into MOCKDATA (id, first_name, last_name, email) values (859, 'Cordelia', 'Giannazzi', 'cgiannazzinu@cisco.com');
insert into MOCKDATA (id, first_name, last_name, email) values (860, 'Gusella', 'Edgson', 'gedgsonnv@barnesandnoble.com');
insert into MOCKDATA (id, first_name, last_name, email) values (861, 'Kiele', 'Tuny', 'ktunynw@vk.com');
insert into MOCKDATA (id, first_name, last_name, email) values (862, 'Khalil', 'Lavelle', 'klavellenx@ted.com');
insert into MOCKDATA (id, first_name, last_name, email) values (863, 'Charin', 'Bazoge', 'cbazogeny@dropbox.com');
insert into MOCKDATA (id, first_name, last_name, email) values (864, 'Nollie', 'Somerton', 'nsomertonnz@house.gov');
insert into MOCKDATA (id, first_name, last_name, email) values (865, 'Jodi', 'Pocke', 'jpockeo0@craigslist.org');
insert into MOCKDATA (id, first_name, last_name, email) values (866, 'Fanya', 'Crump', 'fcrumpo1@wired.com');
insert into MOCKDATA (id, first_name, last_name, email) values (867, 'Edith', 'Clavering', 'eclaveringo2@jugem.jp');
insert into MOCKDATA (id, first_name, last_name, email) values (868, 'Stevana', 'Bernhard', 'sbernhardo3@phpbb.com');
insert into MOCKDATA (id, first_name, last_name, email) values (869, 'Mary', 'Mollnar', 'mmollnaro4@fema.gov');
insert into MOCKDATA (id, first_name, last_name, email) values (870, 'Newton', 'Cranidge', 'ncranidgeo5@bloglines.com');
insert into MOCKDATA (id, first_name, last_name, email) values (871, 'Anton', 'Morgue', 'amorgueo6@com.com');
insert into MOCKDATA (id, first_name, last_name, email) values (872, 'Mollie', 'Orchard', 'morchardo7@netscape.com');
insert into MOCKDATA (id, first_name, last_name, email) values (873, 'Clayson', 'Adamolli', 'cadamollio8@deviantart.com');
insert into MOCKDATA (id, first_name, last_name, email) values (874, 'Shaine', 'Alleway', 'sallewayo9@devhub.com');
insert into MOCKDATA (id, first_name, last_name, email) values (875, 'Lefty', 'Gutsell', 'lgutselloa@scribd.com');
insert into MOCKDATA (id, first_name, last_name, email) values (876, 'Thia', 'Bailes', 'tbailesob@ucla.edu');
insert into MOCKDATA (id, first_name, last_name, email) values (877, 'Gaultiero', 'Glidder', 'gglidderoc@netvibes.com');
insert into MOCKDATA (id, first_name, last_name, email) values (878, 'Donnie', 'Duffy', 'dduffyod@amazon.com');
insert into MOCKDATA (id, first_name, last_name, email) values (879, 'Derrick', 'Ruddick', 'druddickoe@google.com');
insert into MOCKDATA (id, first_name, last_name, email) values (880, 'Genna', 'Gapper', 'ggapperof@nbcnews.com');
insert into MOCKDATA (id, first_name, last_name, email) values (881, 'Vale', 'Marchington', 'vmarchingtonog@list-manage.com');
insert into MOCKDATA (id, first_name, last_name, email) values (882, 'Guenevere', 'Whitcombe', 'gwhitcombeoh@joomla.org');
insert into MOCKDATA (id, first_name, last_name, email) values (883, 'Kyle', 'Ferruzzi', 'kferruzzioi@is.gd');
insert into MOCKDATA (id, first_name, last_name, email) values (884, 'Aveline', 'Nineham', 'aninehamoj@zimbio.com');
insert into MOCKDATA (id, first_name, last_name, email) values (885, 'Thea', 'Loalday', 'tloaldayok@spotify.com');
insert into MOCKDATA (id, first_name, last_name, email) values (886, 'Fedora', 'Didsbury', 'fdidsburyol@addtoany.com');
insert into MOCKDATA (id, first_name, last_name, email) values (887, 'Westbrooke', 'MacCleay', 'wmaccleayom@nasa.gov');
insert into MOCKDATA (id, first_name, last_name, email) values (888, 'Emyle', 'Badsworth', 'ebadsworthon@tuttocitta.it');
insert into MOCKDATA (id, first_name, last_name, email) values (889, 'Pauly', 'Dryburgh', 'pdryburghoo@theatlantic.com');
insert into MOCKDATA (id, first_name, last_name, email) values (890, 'Yorke', 'Thoresbie', 'ythoresbieop@cnn.com');
insert into MOCKDATA (id, first_name, last_name, email) values (891, 'Matilda', 'Butt Gow', 'mbuttgowoq@nifty.com');
insert into MOCKDATA (id, first_name, last_name, email) values (892, 'Salli', 'Nolte', 'snolteor@discovery.com');
insert into MOCKDATA (id, first_name, last_name, email) values (893, 'Hailee', 'Ravens', 'hravensos@pbs.org');
insert into MOCKDATA (id, first_name, last_name, email) values (894, 'Corena', 'Goodale', 'cgoodaleot@wikipedia.org');
insert into MOCKDATA (id, first_name, last_name, email) values (895, 'Liana', 'Patley', 'lpatleyou@msu.edu');
insert into MOCKDATA (id, first_name, last_name, email) values (896, 'Edsel', 'Aynold', 'eaynoldov@pinterest.com');
insert into MOCKDATA (id, first_name, last_name, email) values (897, 'Padget', 'Fortman', 'pfortmanow@lycos.com');
insert into MOCKDATA (id, first_name, last_name, email) values (898, 'Emilio', 'Ambrosoni', 'eambrosoniox@omniture.com');
insert into MOCKDATA (id, first_name, last_name, email) values (899, 'Borden', 'Elgram', 'belgramoy@dion.ne.jp');
insert into MOCKDATA (id, first_name, last_name, email) values (900, 'Theodoric', 'Mouton', 'tmoutonoz@slashdot.org');
insert into MOCKDATA (id, first_name, last_name, email) values (901, 'Francis', 'Powe', 'fpowep0@bizjournals.com');
insert into MOCKDATA (id, first_name, last_name, email) values (902, 'Bryce', 'Kehoe', 'bkehoep1@virginia.edu');
insert into MOCKDATA (id, first_name, last_name, email) values (903, 'Riki', 'Alvarado', 'ralvaradop2@alexa.com');
insert into MOCKDATA (id, first_name, last_name, email) values (904, 'Marielle', 'Pencost', 'mpencostp3@addthis.com');
insert into MOCKDATA (id, first_name, last_name, email) values (905, 'Dorise', 'Hincham', 'dhinchamp4@skype.com');
insert into MOCKDATA (id, first_name, last_name, email) values (906, 'Terrye', 'Leate', 'tleatep5@jimdo.com');
insert into MOCKDATA (id, first_name, last_name, email) values (907, 'Pepe', 'Labern', 'plabernp6@blogspot.com');
insert into MOCKDATA (id, first_name, last_name, email) values (908, 'Jermain', 'Simakov', 'jsimakovp7@si.edu');
insert into MOCKDATA (id, first_name, last_name, email) values (909, 'Piggy', 'Westmorland', 'pwestmorlandp8@state.gov');
insert into MOCKDATA (id, first_name, last_name, email) values (910, 'Darcie', 'Babber', 'dbabberp9@whitehouse.gov');
insert into MOCKDATA (id, first_name, last_name, email) values (911, 'Godfrey', 'Wheelton', 'gwheeltonpa@mtv.com');
insert into MOCKDATA (id, first_name, last_name, email) values (912, 'Shamus', 'Coates', 'scoatespb@php.net');
insert into MOCKDATA (id, first_name, last_name, email) values (913, 'Ainsley', 'Gerant', 'agerantpc@un.org');
insert into MOCKDATA (id, first_name, last_name, email) values (914, 'Angelle', 'Cutcliffe', 'acutcliffepd@techcrunch.com');
insert into MOCKDATA (id, first_name, last_name, email) values (915, 'Joachim', 'Broschek', 'jbroschekpe@hp.com');
insert into MOCKDATA (id, first_name, last_name, email) values (916, 'Ofelia', 'Fritche', 'ofritchepf@yandex.ru');
insert into MOCKDATA (id, first_name, last_name, email) values (917, 'Brandon', 'Arkin', 'barkinpg@arstechnica.com');
insert into MOCKDATA (id, first_name, last_name, email) values (918, 'Dionysus', 'Hirtzmann', 'dhirtzmannph@comsenz.com');
insert into MOCKDATA (id, first_name, last_name, email) values (919, 'Lizbeth', 'Styles', 'lstylespi@twitpic.com');
insert into MOCKDATA (id, first_name, last_name, email) values (920, 'Murvyn', 'Hubatsch', 'mhubatschpj@netlog.com');
insert into MOCKDATA (id, first_name, last_name, email) values (921, 'Merill', 'Whittall', 'mwhittallpk@forbes.com');
insert into MOCKDATA (id, first_name, last_name, email) values (922, 'Andra', 'Melpuss', 'amelpusspl@discovery.com');
insert into MOCKDATA (id, first_name, last_name, email) values (923, 'Vida', 'Bletsoe', 'vbletsoepm@accuweather.com');
insert into MOCKDATA (id, first_name, last_name, email) values (924, 'Rochester', 'Gent', 'rgentpn@smh.com.au');
insert into MOCKDATA (id, first_name, last_name, email) values (925, 'Freddie', 'Missenden', 'fmissendenpo@ted.com');
insert into MOCKDATA (id, first_name, last_name, email) values (926, 'Celinda', 'Tearney', 'ctearneypp@trellian.com');
insert into MOCKDATA (id, first_name, last_name, email) values (927, 'Selle', 'Vasin', 'svasinpq@intel.com');
insert into MOCKDATA (id, first_name, last_name, email) values (928, 'Lynde', 'Plaxton', 'lplaxtonpr@furl.net');
insert into MOCKDATA (id, first_name, last_name, email) values (929, 'Paddy', 'Randell', 'prandellps@nymag.com');
insert into MOCKDATA (id, first_name, last_name, email) values (930, 'Crin', 'Sinnett', 'csinnettpt@vistaprint.com');
insert into MOCKDATA (id, first_name, last_name, email) values (931, 'Mendel', 'Hacksby', 'mhacksbypu@aboutads.info');
insert into MOCKDATA (id, first_name, last_name, email) values (932, 'Irvin', 'Alliston', 'iallistonpv@boston.com');
insert into MOCKDATA (id, first_name, last_name, email) values (933, 'Paco', 'O''Murtagh', 'pomurtaghpw@go.com');
insert into MOCKDATA (id, first_name, last_name, email) values (934, 'Alina', 'Irce', 'aircepx@blogtalkradio.com');
insert into MOCKDATA (id, first_name, last_name, email) values (935, 'Carmel', 'Bullimore', 'cbullimorepy@imgur.com');
insert into MOCKDATA (id, first_name, last_name, email) values (936, 'Johannes', 'Sherbrooke', 'jsherbrookepz@bigcartel.com');
insert into MOCKDATA (id, first_name, last_name, email) values (937, 'Hirsch', 'Janks', 'hjanksq0@mysql.com');
insert into MOCKDATA (id, first_name, last_name, email) values (938, 'Patrizius', 'Groves', 'pgrovesq1@homestead.com');
insert into MOCKDATA (id, first_name, last_name, email) values (939, 'Floris', 'Hearsey', 'fhearseyq2@nyu.edu');
insert into MOCKDATA (id, first_name, last_name, email) values (940, 'Cris', 'Inchboard', 'cinchboardq3@stanford.edu');
insert into MOCKDATA (id, first_name, last_name, email) values (941, 'Anthony', 'Bramhall', 'abramhallq4@fda.gov');
insert into MOCKDATA (id, first_name, last_name, email) values (942, 'Sybila', 'Biggs', 'sbiggsq5@house.gov');
insert into MOCKDATA (id, first_name, last_name, email) values (943, 'Vanna', 'Tellett', 'vtellettq6@flickr.com');
insert into MOCKDATA (id, first_name, last_name, email) values (944, 'Daloris', 'Pow', 'dpowq7@twitter.com');
insert into MOCKDATA (id, first_name, last_name, email) values (945, 'Marin', 'Mariet', 'mmarietq8@sphinn.com');
insert into MOCKDATA (id, first_name, last_name, email) values (946, 'Laverna', 'Bownass', 'lbownassq9@ameblo.jp');
insert into MOCKDATA (id, first_name, last_name, email) values (947, 'Gabbie', 'Formoy', 'gformoyqa@ox.ac.uk');
insert into MOCKDATA (id, first_name, last_name, email) values (948, 'Danyette', 'Fellon', 'dfellonqb@census.gov');
insert into MOCKDATA (id, first_name, last_name, email) values (949, 'Richart', 'MacCurtain', 'rmaccurtainqc@scientificamerican.com');
insert into MOCKDATA (id, first_name, last_name, email) values (950, 'Tim', 'Aronsohn', 'taronsohnqd@yelp.com');
insert into MOCKDATA (id, first_name, last_name, email) values (951, 'Heddi', 'Mutter', 'hmutterqe@craigslist.org');
insert into MOCKDATA (id, first_name, last_name, email) values (952, 'Budd', 'Eagers', 'beagersqf@omniture.com');
insert into MOCKDATA (id, first_name, last_name, email) values (953, 'Romeo', 'Brill', 'rbrillqg@omniture.com');
insert into MOCKDATA (id, first_name, last_name, email) values (954, 'Ninnetta', 'Winsome', 'nwinsomeqh@wired.com');
insert into MOCKDATA (id, first_name, last_name, email) values (955, 'Zolly', 'Enston', 'zenstonqi@amazon.de');
insert into MOCKDATA (id, first_name, last_name, email) values (956, 'Terrie', 'Tordiffe', 'ttordiffeqj@hud.gov');
insert into MOCKDATA (id, first_name, last_name, email) values (957, 'Aurelia', 'Veneur', 'aveneurqk@cloudflare.com');
insert into MOCKDATA (id, first_name, last_name, email) values (958, 'Creigh', 'Anstee', 'cansteeql@si.edu');
insert into MOCKDATA (id, first_name, last_name, email) values (959, 'Mario', 'Stennet', 'mstennetqm@feedburner.com');
insert into MOCKDATA (id, first_name, last_name, email) values (960, 'Templeton', 'Sandes', 'tsandesqn@narod.ru');
insert into MOCKDATA (id, first_name, last_name, email) values (961, 'Justinn', 'Farleigh', 'jfarleighqo@altervista.org');
insert into MOCKDATA (id, first_name, last_name, email) values (962, 'Ferd', 'Jimenez', 'fjimenezqp@dailymail.co.uk');
insert into MOCKDATA (id, first_name, last_name, email) values (963, 'Sven', 'Cowton', 'scowtonqq@addthis.com');
insert into MOCKDATA (id, first_name, last_name, email) values (964, 'Phylis', 'Gitsham', 'pgitshamqr@amazonaws.com');
insert into MOCKDATA (id, first_name, last_name, email) values (965, 'Doria', 'Revely', 'drevelyqs@joomla.org');
insert into MOCKDATA (id, first_name, last_name, email) values (966, 'Glenden', 'Jeaycock', 'gjeaycockqt@ask.com');
insert into MOCKDATA (id, first_name, last_name, email) values (967, 'Kelley', 'Poynton', 'kpoyntonqu@naver.com');
insert into MOCKDATA (id, first_name, last_name, email) values (968, 'Shelton', 'Walhedd', 'swalheddqv@noaa.gov');
insert into MOCKDATA (id, first_name, last_name, email) values (969, 'Dave', 'Spencelayh', 'dspencelayhqw@etsy.com');
insert into MOCKDATA (id, first_name, last_name, email) values (970, 'Hogan', 'Placstone', 'hplacstoneqx@geocities.com');
insert into MOCKDATA (id, first_name, last_name, email) values (971, 'Franciskus', 'Slaten', 'fslatenqy@blogtalkradio.com');
insert into MOCKDATA (id, first_name, last_name, email) values (972, 'Grant', 'Wennam', 'gwennamqz@examiner.com');
insert into MOCKDATA (id, first_name, last_name, email) values (973, 'Lazaro', 'Mallya', 'lmallyar0@dell.com');
insert into MOCKDATA (id, first_name, last_name, email) values (974, 'Kristen', 'MacGiffin', 'kmacgiffinr1@arstechnica.com');
insert into MOCKDATA (id, first_name, last_name, email) values (975, 'Faina', 'Fiorentino', 'ffiorentinor2@ucla.edu');
insert into MOCKDATA (id, first_name, last_name, email) values (976, 'Jana', 'Simms', 'jsimmsr3@newyorker.com');
insert into MOCKDATA (id, first_name, last_name, email) values (977, 'Lorena', 'Coller', 'lcollerr4@unblog.fr');
insert into MOCKDATA (id, first_name, last_name, email) values (978, 'Tades', 'Querrard', 'tquerrardr5@youtu.be');
insert into MOCKDATA (id, first_name, last_name, email) values (979, 'Karlen', 'Mendonca', 'kmendoncar6@usatoday.com');
insert into MOCKDATA (id, first_name, last_name, email) values (980, 'Yoshiko', 'Kasper', 'ykasperr7@exblog.jp');
insert into MOCKDATA (id, first_name, last_name, email) values (981, 'Lucienne', 'Minihan', 'lminihanr8@vkontakte.ru');
insert into MOCKDATA (id, first_name, last_name, email) values (982, 'Brannon', 'd''Arcy', 'bdarcyr9@techcrunch.com');
insert into MOCKDATA (id, first_name, last_name, email) values (983, 'Friedrich', 'Vickery', 'fvickeryra@wisc.edu');
insert into MOCKDATA (id, first_name, last_name, email) values (984, 'Kylie', 'Plester', 'kplesterrb@digg.com');
insert into MOCKDATA (id, first_name, last_name, email) values (985, 'Codi', 'Churchman', 'cchurchmanrc@bloomberg.com');
insert into MOCKDATA (id, first_name, last_name, email) values (986, 'Crista', 'Penwell', 'cpenwellrd@lycos.com');
insert into MOCKDATA (id, first_name, last_name, email) values (987, 'Lucio', 'Curley', 'lcurleyre@cbc.ca');
insert into MOCKDATA (id, first_name, last_name, email) values (988, 'Catharine', 'Ellaman', 'cellamanrf@ebay.co.uk');
insert into MOCKDATA (id, first_name, last_name, email) values (989, 'Manya', 'Sandars', 'msandarsrg@rambler.ru');
insert into MOCKDATA (id, first_name, last_name, email) values (990, 'Carena', 'Bullers', 'cbullersrh@whitehouse.gov');
insert into MOCKDATA (id, first_name, last_name, email) values (991, 'April', 'Camelli', 'acamelliri@simplemachines.org');
insert into MOCKDATA (id, first_name, last_name, email) values (992, 'Redd', 'Sivills', 'rsivillsrj@usda.gov');
insert into MOCKDATA (id, first_name, last_name, email) values (993, 'Kara-lynn', 'MacGahey', 'kmacgaheyrk@irs.gov');
insert into MOCKDATA (id, first_name, last_name, email) values (994, 'Neall', 'Brame', 'nbramerl@parallels.com');
insert into MOCKDATA (id, first_name, last_name, email) values (995, 'Gisela', 'Karchowski', 'gkarchowskirm@ox.ac.uk');
insert into MOCKDATA (id, first_name, last_name, email) values (996, 'Lavena', 'Margaret', 'lmargaretrn@prlog.org');
insert into MOCKDATA (id, first_name, last_name, email) values (997, 'Morton', 'Marrows', 'mmarrowsro@technorati.com');
insert into MOCKDATA (id, first_name, last_name, email) values (998, 'Gay', 'Esmead', 'gesmeadrp@wordpress.org');
insert into MOCKDATA (id, first_name, last_name, email) values (999, 'Cherise', 'Cahalin', 'ccahalinrq@soup.io');
insert into MOCKDATA (id, first_name, last_name, email) values (1000, 'Bernita', 'Macbeth', 'bmacbethrr@dion.ne.jp');

SELECT CONCAT(FIRST_NAME , " " , LAST_NAME, " ", SUBSTR(FIRST_NAME, 3))  FROM MOCKDATA;

CREATE INDEX Index_First_Last_Name
ON MOCKDATA(FIRST_NAME, LAST_NAME);

SELECT CONCAT(FIRST_NAME , " " , LAST_NAME, " ", SUBSTR(FIRST_NAME, 3))  FROM MOCKDATA;

